id,competency_id,competency_name,learner_outcome_id,name,description,example,progression_level_1_emerging,progression_level_2_developing,progression_level_3_proficient,progression_level_4_applying
FK.AC.1.a,FK.AC.1,Artistic Expression,FK,Power of art,"Students experience and identify art, reflecting on how different movements, artists, and artworks resonate with them. They discuss art both in conversation and writing, and analyze how communities and individuals use art to express ideas, emotions, and beliefs. Students develop an appreciation for art as a mode of communication and for the powerful role art plays in society.","A student studies propaganda art from WWII, including photographs, posters, and newsreels, and reflects on how these works conveyed powerful messages of unity and hope. They analyze how the imagery mobilized homefront support for troops overseas. The student curates an exhibit in the school library, showcasing how art influenced public opinion during the war. As part of the exhibit, they create an interactive element inviting students to post their reactions to the art, fostering engagement and deeper reflection on its impact.","I can identify art, and describe how I experience it.",I can identify art and discuss art orally and in writing.,I describe and discuss how different pieces of art make me feel and/or what they make me think about.,"I analyze how specific artworks have been used by individuals and/or communities to express their ideas, experiences, feelings, and/or beliefs."
FK.AC.1.b,FK.AC.1,Artistic Expression,FK,Making art,"Students explore why people create art, understanding how it expresses lived experiences and communities. They practice and refine their own artistic abilities, conceptualizing and drafting works that reflect their own ideas or realities. They produce, perform, or present artistic expressions that represent their communities, using their creativity to communicate outwardly and connect with others through art.","A student writes and performs a monologue about losing a parent to cancer, exploring themes of grief, resilience, and memory. They collaborate with their drama teacher to refine the emotional depth of the piece. After rehearsing and receiving feedback from classmates, the student performs at a schoolwide showcase. The performance resonates with the audience, prompting other students who have also experienced loss to come forward and create an afterschool support group, realizing they are not alone in their grief.","I understand and can describe why people generate and conceptualize artistic ideas and works of visual and performing arts (e.g., to express or reflect their lived realities or communities).",I can practice and improve my creative capacity in the arts.,"I conceptualize or draft an artistic work or idea that reflects or expresses my lived reality, ideas, or communities.","I perform, produce, or direct engaging artistic expressions or work through interpretation and presentation that reflect the lived realities and intellectual ideas of myself and/or my communities."
FK.AC.1.c,FK.AC.1,Artistic Expression,FK,Art and community,"Students explore diverse art forms and genres across cultures and communities, developing and expressing an appreciation for varied artistic traditions. They search out and actively support the arts in their own communities and beyond, through attendance, promotion, or engagement. They collaborate with others to create and curate artwork that reflects community values, using art as a tool to connect and inspire.","At a teacher’s suggestion, a student attends a local poetry reading featuring diverse voices from their community. The student writes a reflective piece on how the poems expressed the lived realities of different cultural groups. Inspired by the event, the student promotes the next reading on social media, recognizing the role of the arts in fostering understanding within the community. With fellow students intrigued by the social media post, the student then starts their own slam poetry club with help of their teacher.",I can explore diverse forms and genres of artwork across different cultures and communities.,I can express/show an appreciation of/for diverse forms and genres of artwork across different cultures and communities.,"I show appreciation and support (e.g., promotion, attendance, experience) for the arts in my local communities or the communities of others.",I collaborate and connect with others inside and outside my communities to curate and draft artwork that represents the community’s values.
FK.AC.2.a,FK.AC.2,Art Analysis,FK,Art history,"Students explore current and historical works of art, identifying movements and pieces that capture their interest and developing the vocabulary to explain why those pieces speak to them. They research and analyze the context and techniques behind specific works to understand how and why they were made, comparing them across periods and connecting their own creations and others’ to broader artistic traditions.","A student researches the influence of Ancient Greek sculpture on modern art, beginning with iconic works such as the Venus de Milo and Discobolus. They highlight the idealized human forms, and the application of the mathematical principle of the Golden Ratio. The student explains how this ratio, frequently used by Greek sculptors and architects to achieve balance and beauty, reappears in modern sculptures, contemporary architectures, and the student’s own drawings, linking the visual arts with mathematics and modern design.",I can describe current and historical works of art and artistic movements and find specific examples that interest me.,I can perform artistic and historical research and analysis to explore how and why specific pieces of art were made in certain ways.,"I analyze and describe the characteristics (stylistic choices and their desired effect) and defining details (materials, techniques, practices, etc.) of historical artworks and movements.","I compare, contrast, and classify historical and contemporary artistic concepts, styles, and techniques to better place my work and the works of others into a larger context."
FK.AC.2.b,FK.AC.2,Art Analysis,FK,Trends in art,"Students identify and describe art from a variety of historical periods and movements. They compare and contrast these works, exploring how social, political, and technological contexts influenced their creation. As they analyze artworks through cultural, sociological, or literary lenses, they learn to evaluate artistic ideas in relation to their broader contexts, uncovering connections between art and other areas of knowledge to deepen their understanding.","A student examines gravestones from the 18th and 19th centuries, identifying the shift from skull-and-crossbones motifs (representing death) to angelic figures and flowers (symbolizing hope). They connect these changes to the Romantic movement’s influence on religious practice in general and funerary customs in particular. For their final project, the student organizes a guided cemetery tour, highlighting gravestones from different eras. Along the route, they explain how pollution affects marble and slate differently, integrating environmental science into their analysis of artistic and cultural shifts.","I can identify art from varied historical periods (e.g., Prehistoric, Baroque, Conceptual, Contemporary, etc.) and movements (e.g., Modern, Impressionist, Surrealist, Dadaism, Pop Art, High Renaissance, Constructivist, etc.).","I can compare and contrast art from varied historical periods and movements, and give examples of how specific works of art may have been influenced by social and/or political dynamics, environmental contexts, technologies, lived experiences, etc.","I formulate sociological, cultural, and/or literary explorations and analyses of artworks from varied historical periods or movements.",I evaluate artistic ideas and works in terms of their external context to synthesize patterns and relationships between the arts and other forms of knowledge.
FK.AC.2.c,FK.AC.2,Art Analysis,FK,Art and society,"Students recognize how artworks and artistic movements shape and are shaped by various communities. They explore the connections between art and a community’s religion, politics, or ideologies, and analyze the mutual influence of art and different cultures. Students identify and evaluate local and national art trends, finding opportunities to create artwork that fosters positive social change.","A student analyzes how artists respond to major global events, such as hurricanes, wildfires, or other natural disasters. The student compares how the artworks reflect environmental policies and public attitudes in different countries or regions. Through this lens, the student draws conclusions about how artistic expression, informed by history and culture, becomes a form of political commentary.","I can recognize the roles and impacts that artworks, art forms, or artistic movements can have on different communities (ethnic, religious, etc.).","I can give examples of relationships between artworks, art forms, or artistic movements and different communities’ religions, myths, politics, languages, and/or ideologies.","I analyze the role and impact artworks, art forms, or artistic movements have on different communities.","I evaluate local, regional, and national art trends and practices and identify where one could create an artwork that seeks to create positive social change within a community or society."
FK.SS.1.a,FK.SS.1,Governments,FK,Role of government,"Students learn the role of governments and how they differ worldwide, examining the historical, philosophical, and legal contexts from which governmental structures emerge. They explore how governments reflect the ideas of political thinkers, why governments evolved into their current forms, and analyze how foundational principles influence both historical and modern governance. Using this understanding, they evaluate the outcomes of policies and advocate for fairer representation and more equitable government policies.","Students compare the UK parliamentary system to the US republican system. They explore how both systems reflect Enlightenment principles, with thinkers like John Locke shaping the approach to individual rights and government authority. They examine how the UK’s system evolved alongside its monarchy, versus the US model developed in opposition to royal rule. Students analyze pros and cons of each, then design a hybrid system by combining elements from both countries that they believe would provide optimal representation for individual citizens.","I can identify the roles, duties, and mechanisms of different governments across the world.","I can describe how different governments have taken root in different places, and how they reflect the thinking of influential thinkers (e.g., philosophers, lawyers, politicians, etc.).","I evaluate the outcomes of different governments and policies (at local, regional, national, and international levels) and how they are based on philosophical, historical, and legal precedents.","I advocate for more equitable policy and representation in local, regional, national, and international governments using philosophical, historical, and legal precedents."
FK.SS.1.b,FK.SS.1,Governments,FK,Rights of individuals,"Students identify different worldviews on individual rights and duties. They compare these perspectives, seeing how they vary across jurisdictions, locations, and cultures. Learners analyze and evaluate these viewpoints, understanding how they are derived from different philosophical, historical, and legal precedents. They use this knowledge to advocate for individual rights and duties based on these foundational ideas.","A student compares Soviet Communism with American Democracy, focusing on civil liberties. They explore how the Soviet Union offered more gender equality, but only achieved this through repression of individual rights and state control. In contrast, the US prioritized individual rights in areas like free speech and assembly, but struggled with gender discrimination. The student analyzes how each system balances civil liberties and concludes by advocating for the full complement of individual freedoms enshrined in modern democracies over the top-down equalizing function of authoritarian communism.",I can identify and describe the differences between various worldviews about the rights and duties of individuals.,"I can compare and contrast specific perspectives on the rights and duties of individuals found in philosophical, historical, and legal precedents.","I analyze and evaluate different perspectives on the rights and duties of individuals using supporting evidence of philosophical, historical, and legal precedents.","I advocate for the rights and duties of individuals using philosophical, historical, and legal precedents."
FK.SS.1.c,FK.SS.1,Governments,FK,Public policy,"Learners recognize examples of government policies and their intended and unintended outcomes. They describe these outcomes and parse the difference between policies and their implementation. After evaluating current policies and considering their impacts and consequences, students craft persuasive arguments on how public policies should be designed to achieve optimal outcomes.","A student studies the Volstead Act and its role in enforcing Prohibition. They analyze the intended outcome of reducing alcohol consumption and crime, but also discover far more unintended consequences, such as the rise of organized crime and illegal speakeasies which increased rather than prevented alcohol consumption and commerce. After evaluating these outcomes, the student crafts an argument on how better public policy design, such as regulating alcohol instead of banning it, can achieve more effective results with fewer negative impacts.",I can give examples of different instances where governments have established policies that had intended and unintended outcomes.,I can describe the intended and unintended outcomes of different past government policies and how they might have been implemented differently to improve outcomes.,I evaluate current public policies in terms of intended and unintended outcomes and related consequences.,I construct compelling arguments regarding the details of how various types of public policies should be developed to achieve optimal outcomes.
FK.SS.2.a,FK.SS.2,Politics,FK,Influencing government,"Students understand the roles of and relationships among governmental, social, non-governmental, and other legal entities. They explore how people interact with these systems and develop strategies to address real-world issues. Students leverage mechanisms to address, challenge, and change inequities, creating real impact in their schools and communities.","A student explores help available for the unhoused in their community, mapping out different institutions and how they interact, overlap, or conflict: local government agencies providing public housing and social services, nonprofits offering shelters and meal programs, and local laws that impact root causes. The student develops an advocacy plan by identifying allies among housing agencies, fellow students, and community members and applies pressure by presenting a petition for more shelter space to the city council.","I can describe the differences between types of governmental, social, non-profit, and legal structures and give examples.","I can analyze how people use, interact with, and seek to change governmental, social, and legal structures.","I analyze mechanisms within governmental, social, and legal structures to identify where one could apply pressure to create change, and create associated plans and strategies.",I identify and practice exploiting mechanisms within governmental and other social structures where I am able to apply pressure to create change.
FK.SS.2.b,FK.SS.2,Politics,FK,Social movements,"Students explore how social movements drive change. They recognize key figures, ideas, and strategies shared across movements and analyze how these elements challenge power structures and transform societies. They identify effective strategies and guiding beliefs that have shaped historical and current movements. Finally, they adapt and apply these successful tactics to contemporary issues, learning to communicate and connect them to today’s challenges for meaningful impact.","A student studies environmental movements, focusing on Rachel Carson and Greta Thunberg. They explore how science writing, awareness campaigns, and youth activism have shifted environmental policy. Referencing these strategies, the student produces a pamphlet on food waste, speaks during morning announcements to highlight the issue, and campaigns for students to take less their first time through the cafeteria line and then return for seconds, rather than loading up their trays and trashing uneaten food. They engage their school in sustainable practices inspired by past environmental movements.","I can identify people, ideas, strategies, etc. that are common across social movements and revolutions.","I can identify commonalities (e.g., people, ideas, strategies, etc.) across social movements and revolutions, and describe the impact they have had on people and organizations that hold power (institutions).","I analyze patterns across historical and present-day social movements and revolutions in order to identify effective strategies, powerful guiding beliefs, and levers of change that move institutions.",I practice incorporating and/or utilizing strategies that have made past social movements successful by adapting and effectively communicating them to connect to current situations.
FK.SS.2.c,FK.SS.2,Politics,FK,Social equity,"Students delve into the complexities of social equity, understanding how different groups have been defined and controlled throughout history. They learn to argue how power structures limit freedoms for some and how marginalized groups resist. They analyze how modern movements challenge these power dynamics, from laws to cultural norms. Ultimately, they explore nuanced differences between groups, examining how privilege and oppression arise, intersect, and shape societies today.","A student studies how apartheid policies in South Africa, such as forced removals and segregated healthcare, have impacted access to healthy environments and medical services for Black South Africans. They explore how marginalized communities resisted through grassroots organizations advocating for and providing healthcare access. The student presents a research project analyzing systemic barriers under apartheid and the resistance strategies that emerged, proposing ways that modern science and public health initiatives can support ongoing efforts for social equity and policy reform in post-apartheid South Africa, as well as in communities in the US.","I can describe different ways in which groups (such as geographic, age, religion, race/ethnicity, nationality, indignity, gender, class, sexuality, disability/ability, migration status), and cultural expectations around them, have been expressed and enforced in different parts of the world and periods of human history.","I can construct an argument regarding how different power structures, groups, and individuals seek to limit others’ freedom and wellbeing based on their groups, and describe how such groups have fought back.","I analyze how current social movements seek to impact structures of power (e.g., laws, policies, state governments, NGOs, media, religious institutions) that have influence over current societal and governmental treatment of (and expectations regarding) people in different groups.","I analyze and compare complex and/or idiosyncratic differences between social groups and how forms of privilege and oppression (e.g., racism, colonialism, homophobia, ableism, and patriarchy) are created within them."
FK.SS.2.d,FK.SS.2,Politics,FK,Economic equity,"Students explore economic equity by examining how access to opportunities and support systems affect people from diverse backgrounds. They evaluate how structures, politics, and policies shape access to resources at local, regional, and national levels. Ultimately, they analyze trends and advocate for changes that better address community needs, promoting more equitable economic outcomes.","A student examines how early 20th-century coal miners faced extremely dangerous working conditions and were paid below-market wages. They used grassroots organizing among their family and community networks to mobilize strikes and boycotts that pressured companies and lawmakers to enact labor reforms like better wages and safer working conditions. The student applies these lessons to today’s gig economy, proposing that rideshare drivers use social media and digital organizing among their social networks to advocate for improved pay and protections.","I can describe specific ways in which the quality, nature, and accessibility of various social and economic opportunities and support systems impact individuals from different backgrounds.",I can construct an argument regarding the long-term effects of different types and levels of various social and economic opportunities and support systems on society or culture.,"I evaluate local, regional and national social and economic opportunities and support systems (or the lack thereof), and describe the structures, politics, and policies that impact and/or reinforce them.","I evaluate trends and practices regarding local, regional, and national social and economic opportunities and support systems, and advocate for how they might better meet the needs of the communities they impact."
FK.SS.3.a,FK.SS.3,Economics,FK,Economic behavior,"Students explore how supply, demand, and competition shape the choices we make in everyday life, and how those choices can result in either benefit or harm to individuals and communities. By analyzing how incentive structures impact people and markets, students become adept at identifying causal effects —both intended and unintended—of policies and at communicating how economic interdependence drives complex behaviors across individuals, communities, and markets.","A student analyzes how a new chain grocery store impacts local businesses and consumer choices. They examine supply, demand, and competition, but also consider social factors. Despite lower prices at the chain, many consumers still support the local grocery due to personalized service, long-standing relationships, and the local grocer’s introduction of weekly specials in response to the new competition. The student concludes that consumer behavior is not always driven by rational economic factors, and that emotional and social connections may provide benefits to communities beyond the purely economic.","I can describe ways in which the concepts of supply, demand, competition, and rational actors show up in my own and others’ communities and daily lives.","I can describe the marginal benefits and costs of specific individual economic decisions, and how those benefits and costs may be different in different situations/contexts.","I analyze the outcomes and effectiveness of policies, structures, and incentives designed to affect the behavior of individuals and markets, and how economic dependence and interdependence influence those outcomes.","I analyze the unintended impacts of a variety of policies, structures, and incentives on the economic behavior of individuals and markets, and clearly communicate the causal links between them."
FK.SS.3.b,FK.SS.3,Economics,FK,Economic forces,"Students examine how institutions, laws, and norms shape the economy. They interpret key economic data to understand the indicators of economic health, and how those indicators suggest different outcomes for individuals living at different points along the economic spectrum. Over time, they evaluate the impact of monetary and fiscal policies in various conditions, and apply that knowledge to assessing solutions to systemic economic issues, weighing the benefits and costs for different groups and society as a whole.","A student investigates shrinkflation by calculating unit prices, revealing how companies raise prices beyond inflation in the absence of strong consumer protections. They notice peers attach higher status to brand names versus store brands. The student connects these findings to food consumption norms, exploring how marketing, not just regulations or cost, influences purchasing behavior. They organize a schoolwide taste test and show how much classmates save by switching to store brands just for those products that won the taste test.","I can describe the roles of institutions (such as corporations, non-profits, and labor unions) and norms and laws (such as property rights and rule of law) in a market economy.","I can interpret data to understand the state of employment, unemployment, inflation/deflation, average income and production, and economic growth in the economy.",I evaluate the relevance and likely outcomes of different monetary and fiscal policies in a variety of economic conditions.,I evaluate different approaches and/or solutions to current systemic economic issues in terms of marginal benefits and marginal costs for different groups and society as a whole.
FK.SS.3.c,FK.SS.3,Economics,FK,Access to resources,"Students explore the complex interactions between human activities and ecosystems, explaining how societies have historically leveraged natural resources and geography to build, shape, and sustain economies and cultures. They examine the impacts of economics and industry on resource availability, designing solutions to address the challenges caused by human behavior and natural events.","A student explores how the availability of minerals, such as coal and iron, shaped the development of the Industrial Revolution in Europe. They analyze how access to these natural resources influenced where factories were built and how transportation networks evolved to support industrial growth. The student creates a project that maps out the connections between resource locations and urbanization, demonstrating how the geography of resources drove economic and cultural changes during that period.","I can give examples of how human societies and cultures have used their physical surroundings (resources, geographic features, etc.) to create and support communities.",I can analyze and describe the impact of human settlement activities on the environmental and ecological characteristics of specific places and regions.,I analyze relationships and interactions within and between human settlements and the environmental/ecological characteristics of related places to explain changes in economic activity.,I design solutions that address the outcomes of environmental and ecological challenges that have been created by human behavior or natural events.
FK.SS.3.d,FK.SS.3,Economics,FK,Resource competition,"Students explore the history of resource access and develop an understanding of the historical, political, economic, and cultural factors that lead groups to compete, cooperate, or resort to violence over resources. They analyze the motives behind economic globalization and its ties to resource use and control. Ultimately, students evaluate how the demand for limited resources drive both competition and cooperation among groups, as well as conflicts that shape the world today.","A student studies the colonization of Africa, focusing on how Belgium and France collaborated in extracting rubber from the Congo while Britain and the Zulu Kingdom clashed in violent conflicts over land and resources. The student compares these strategies and writes an essay on how resource-driven competition and cooperation shaped Africa’s political boundaries and economic conditions, noting the lasting impact of colonization on modern African nations.","I can describe moments from throughout human history when groups (e.g., nations, city-states, tribes, etc.) have competed, cooperated, or committed violence to obtain resources.","I can compare and contrast relationships between groups from throughout human history when they have competed, cooperated, or committed violence to obtain resources.","I analyze and describe the motives behind global economic forces, and the relationship between economic globalization and the expanding use of limited resources.","I evaluate how global economic forces and the expanding use of limited resources contribute to competition, cooperation, and violence within and among groups."
FK.SS.4.a,FK.SS.4,Cultures,FK,Cultural difference,"Students explore the similarities and differences among world cultures. They connect historical, linguistic, and social threads to understand and communicate the links across cultures. They analyze the complexities of cross-cultural interactions and develop methods of inquiry to find common ground with other cultures. Ultimately, students use their deepened understanding to advocate for their own or other communities, promoting cultural awareness and empathy across diverse groups.","A student with family in the Gulf South proposes observing Mardi Gras at school but faces resistance due to its reputation for wild celebrations. The student researches carnival traditions worldwide, discovering shared religious roots, cultural significance, and economic impact in places like Rio de Janeiro, Quebec, and rural Switzerland. They present their findings on the historical and cultural importance of carnival to the student government, which approves locker decorating and a bake sale featuring traditional carnival desserts from around the world.",I can recognize and/or describe the cultural and linguistic likeness and difference between world cultures.,"I can distinguish and connect sub units of historical, linguistic, and social likeness and difference between world cultures.","I analyze and synthesize the nuances and complexities of historical, linguistic, and social interactions and intersections between world cultures to help others understand, appreciate, and relate to other cultures.",I apply my understanding of world cultures to advocate for my community or a community other than my own.
FK.SS.4.b,FK.SS.4,Cultures,FK,Social groupings,"Students identify their own social groups and develop an understanding of how these groups relate to their community and the world. They explore connections between their social identities and others, recognizing intersections and mutual impact among groups. They learn to articulate the complexities within and across groups, analyzing how cultural differences have evolved. Ultimately, they use this insight to deepen their understanding of diverse world cultures and the forces that shape them.","A student investigates how migration has shaped social groups in a major city, using their grandparents’ migration and settlement patterns as a starting point. They track their family’s journey, exploring how their social identities intersected with local culture. They map neighborhoods based on ethnicity, religion, and language, analyzing how immigrant groups, including their own family, maintained cultural practices while adapting to their new environment, and how personal and collective migration contribute to the city’s cultural diversity and complexity.","I can define my social groups (e.g., ‘race’/ethnicity, nationality, indigeneity, gender, class, sexuality, geography, age, disability/ability, migration status, religion) in relation to my community, society, and the world.","I can define, organize, and connect my social groups and others in relation to my community, society, and world.","I identify and articulate the complex differences between and across varying groups within a community, society, and the world.",I analyze complex differences and idiosyncrasies between multiple world cultures to better understand how and why they came to be.
FK.SS.4.c,FK.SS.4,Cultures,FK,History and culture,"Students recognize differences among cultures and use historical inquiry to explore how cultures developed. They analyze multiple sources to interpret past events and understand how cultures function and interact. Ultimately, students apply this knowledge to reconstruct the past and make informed decisions that connect history to present-day choices.","A student researches indigenous art in Africa and the impact of European colonization. They analyze paintings, sculptures, and historical accounts to understand how African artists incorporated European influences into traditional art forms to create new cultural fusions that tell the story of the African experience. They conclude by discussing how historical inquiry can help us understand the broader social changes that occurred and inform modern discussions of cultural preservation and identity.","I can recognize the core differences between cultures and, using historical methods of inquiry (primary sources etc.), explore their development across time and place.","I can use multiple sources to build interpretations of past events and identify and categorize complex cultural concepts (assimilation, adaptation, acculturation, enculturation, diffusion, and dissonance).",I use historical methods of inquiry and locate and analyze multiple sources and cultural concepts to explore and explain how culture and cultural systems function.,"I apply historical methods of inquiry to build and defend interpretations that reconstruct the past, and draw on my historical knowledge to make informed choices and decisions in the present."
FK.SS.4.d,FK.SS.4,Cultures,FK,Global connections,"Students define global connections and understand how societies depend on one another. They explore the social, economic, and political effects of these connections at local, national, and global levels and assess the complexities of balancing individual and national interests with global priorities. Ultimately, they apply their understanding of history and culture to evaluate critical global issues, such as human rights, trade, and environmental sustainability.","A student analyzes economic disparities between developing and developed nations, focusing on how resource access and historical trade patterns have led to unequal costs in the transition to green energy. The student explores the economic and social consequences of various energy strategies and investigates promising policies and technologies that could distribute the burden across nations more fairly. In their report, the student offers recommendations for balancing economic realities with scientific imperatives to achieve infrastructure modernization.",I can define global connection and interdependence.,"I can classify the effects (social, economic, political) of global connections (trade, migration, treaties) at the local, national, and international levels (world societies and regions).","I investigate and assess the costs and benefits of global connection(s) and tension(s) between national interests and global priorities by thinking systematically about personal, national, and global decisions.","I apply historical and cultural concepts and knowledge in addressing and evaluating critical issues such as peace, conflict, poverty, disease, human rights, trade, and global ecology (e.g., habitat destruction, invasive species, declination of population densities, pollution)."
FL.ID.1.a,FL.ID.1,Making Meaning,FL,Synthesizing information,"Learners gather information from multiple sources and areas of knowledge. They discern what is valuable, synthesizing across sources and arguments to create new, more complex interpretations of their own.","A student researching the efficacy of different cancer treatments gathers information from scientific journals, news articles, and wellness blogs. The student critically evaluates the sources, discerning the differences among research reports, journalistic accounts, and personal experiences.The student synthesizes data and storytelling, drawing conclusions based on highest quality data illustrated by relevant human interest.This leads to a complex interpretation of the medical, psychological, and societal costs and benefits of various cancer treatment approaches.","I can gather relevant information from varied domains (scientific, technical, historical) and from multiple sources.","I can gather, read, and organize information from varied domains (scientific, technical, historical) and from multiple sources.","I curate, read, and synthesize information from varied domains (scientific, technical, historical) and from multiple sources to understand a broader picture of an event or situation.",I synthesize and evaluate information from varied domains and from multiple sources to understand a broader picture and compare possible interpretations.
FL.ID.1.b,FL.ID.1,Making Meaning,FL,Formulating questions,"When approaching a new learning opportunity, students generate potential questions, and then assess those questions for relevance, importance, and utility. They consider the ways answers do and do not address the core question, and adjust or develop new questions to respond to any gaps.","A student prepares a presentation on the causes of the French Revolution, focusing on both political and economic factors. Initially finding weak support for political causes, they continue to probe, uncovering significant insights about how Enlightenment thought influenced political forces. This leads the student to revise their research questions and ultimately their arguments, incorporating cultural influences alongside political and economic factors.","I can articulate why I am asking a question, and how my question will lead to a deeper understanding of the topic.",I can describe how different potential questions might yield different answers that are more or less relevant to my understanding of a topic.,"I consider potential questions and prioritize my choices and framing to ensure that they are relevant, productively sequenced, and framed.","I determine the ways in which answers do and do not address my original question(s), and adjust or develop new questions to respond to any gaps in answers."
FL.ID.1.c,FL.ID.1,Making Meaning,FL,Evaluating information,Learners understand how the clarity and quality of the information they use can deepen their understanding and elevate their interpretations. They parse the quality and usefulness of their inputs in order to generate the strongest possible outputs.,"A student investigates the effects of minimum wage increases on small businesses in their city. They analyze multiple news reports that quote a single small business owner concerned that they will have to fire employees if they are required to raise wages. The student compares this with Bureau of Labor Statistics (BLS) data, and collects interview data from other small business owners. Weighing the differing conclusions from media, BLS stats, and their own interviews, the student determines that the articles quoting only one business owner do not represent the entire picture and combining BLS stats and a broader range of direct interviews is a more reliable set of information on which to base their conclusions.",I can describe possible meanings/ interpretations of unclearly presented information or arguments.,I can analyze surrounding context and grammatical structures to understand which possible meanings/ interpretations of unclearly presented information are the most likely to be true or intended.,I evaluate the broader implications of the most likely meanings of unclearly presented information to further refine my understanding of which interpretations are most likely.,I evaluate how the overall quality/rigor of my interpretations and understanding are affected by the quality and clarity of the information I use to form them.
FL.ID.2.a,FL.ID.2,Persuasive Communication,FL,Knowing my audience,"Effective communicators adjust their message based on who is listening. This skill teaches students to be adaptable and audience-aware, enhancing their ability to connect and communicate across various contexts.",A student uses formal language when presenting a science project to a panel of judges but adopts a conversational tone on social media to explain the same project to peers.,I can recognize and describe how a specific audience with particular perspectives may perceive different meanings from the same information or story.,"I can anticipate how different audiences with different perspectives will interpret my communications and apply that understanding to adjust the communication (including tone, pace, and emotions).","I anticipate how audiences that contain a diversity of perspectives will interpret my communications, and apply that understanding (including tone, pace, emotions, media, rhetorical strategy, etc.) to meet the needs of relevant audiences.","I make language choices and utilize delivery styles that convey respect, empathy and compassion for my audiences when communicating ideas, stories, and information."
FL.ID.2.b,FL.ID.2,Persuasive Communication,FL,Crafting narrative,"Great stories persuade. By learning to construct a narrative that connects past to present, students gain the ability to contextualize and discuss complex issues in a way that is both informative and moving.","For a student-produced podcast on the long-term impact of epidemics, a student searches local archives for the names of victims of the Influenza Epidemic of 1918. The student finds an oral history recording from the 1970s of a woman who lost her mother to the flu and is able to incorporate her story into the podcast.","I can recognize and describe how a piece of information or story is relevant to a topic or context, and how different audiences might interpret it.",I can choose words and communication strategies to convey the importance/ connections of certain details of my message based on the audience and purpose of the communication.,"I create and clearly describe connections between disparate pieces of information to build narratives, messages, stories, and arguments.","I share and connect important messages, narratives, stories, and arguments in an interactive, engaging, purposeful manner, with a style and tone that is well-suited to my audience and purpose."
FL.ID.2.c,FL.ID.2,Persuasive Communication,FL,Deploying communication media,Knowing which medium to use and when to use it ensures messages are not only heard but also understood and appreciated by diverse audiences.,"A student who wants to make a case for local action to address homelessness in their downtown might create a podcast for their peers, a slide presentation for a local community meeting, and a more formal email to the city council.","I can select and use appropriate resources, such as technology and different forms of media, to tell a story.",I can apply specific techniques within digital resources to enhance understanding of stories and ideas.,"I utilize a diverse set of appropriate resources and tools to communicate complex messages, information, and stories across a variety of contexts.","I skillfully utilize an array of tools and media formats to tell stories that build interest in ideas, subjects, and/or perspectives across a variety of contexts and content areas."
FL.ID.3.a,FL.ID.3,Critical Dialogue,FL,Reasoning,Learners engage in questioning their own and others’ reasoning with curiosity and kindness. This practice helps them and their peers explore different perspectives to bolster their arguments and clarify their conclusions.,"In history class, a student claims that the assassination of Archduke Franz Ferdinand was the sole cause of WWI. Another student responds, “While the assassination was significant, weren’t there other contributing factors?” The teacher facilitates a discussion in which the two students grapple with their respective thinking on early 20th century nationalism, militarism, and pre-existing alliances. Through this exchange, both students explore additional perspectives, clarify their arguments, and gain a deeper understanding of the complex causes of the war.","I can describe the steps someone else took to get an answer or reach a conclusion, and can identify when I get lost or can’t make sense of what they are saying.",I can explain my reasoning and question others’ reasoning in a way that generates further discussion.,I question my own and others’ reasoning to help myself and others consider different perspectives and clarify arguments and/or models.,I explore what may be true by questioning my own and others’ reasoning in a curious and kind manner.
FL.ID.3.b,FL.ID.3,Critical Dialogue,FL,Explaining my reasoning,"Learners concisely and effectively explain their reasoning, both orally and in writing. They respond to clarifying questions in a way that makes sense to the asker, helping them deepen their understanding or grasp new concepts.","For a literature assignment, a student writes that The Great Gatsby critiques the American Dream, arguing that Gatsby’s wealth can’t buy love, leaving him isolated. During a classroom reading, when a classmate asks why Gatsby feels isolated, the student explains that Gatsby pursued riches to win Daisy’s affection. The classmate replies, “But it worked for a while, right?” The student realizes their original claim should be revised from “wealth can’t buy love” to “wealth can’t buy lasting love and happiness” and refines the essay, incorporating their classmate’s reasoning.",I can explain my reasoning both on paper and orally.,"I can explain my reasoning both on paper and orally, and clearly describe how that reasoning impacts the issue being discussed.",I effectively and concisely explain my reasoning and respond to clarifying questions (both orally and in written forms) in a way that makes sense to the person asking the questions.,"When I explain my reasoning orally or in writing to other students, it helps them deepen their understanding and/or understand something that they didn’t already understand."
FL.ID.3.c,FL.ID.3,Critical Dialogue,FL,Using evidence,"Learners use logical reasoning and scientific evidence to design and justify claims. This includes empirical findings, known properties or laws of nature, and arguments or logic chains they have already explored and accepted as sound. They can explain how evidence supports causal links and refutes alternative explanations.","In science class, a student studies how plastics in the ocean impact marine life, examining scientific and empirical evidence that non-biodegradable plastics persist in ecosystems.The student explains how plastic toxins accumulate in marine organisms, affecting the food chain and leading to negative outcomes for species like fish and sea turtles.The student considers alternative hypotheses but, having reviewed multiple scientific sources, concludes that their explanation of how plastics interact with marine ecosystems is the most widely supported.","I can describe types and examples of evidence that would or would not justify a claim (e.g., thesis, conclusion, solution, hypothesis).",I can consider evidence to make a claim and then justify my reasoning.,"I use evidence and reasoning (properties, laws, and prior results) to design and justify claims (e.g., thesis, conclusion, solution, hypothesis).",I clearly explain how evidence both supports causal links and detracts from alternate possible explanations to justify a claim.
FL.ID.3.d,FL.ID.3,Critical Dialogue,FL,Constructive critique,"Students can help others correct and sharpen their arguments, making them clearer and more persuasive. They understand when an idea needs a little extra work, and can graciously offer constructive feedback on both the idea itself and how it’s presented. By giving thoughtful suggestions, they help everyone involved—including themselves—gain a deeper understanding of the topic.","In preparing a group presentation on the Cold War, a student observes that a classmate’s argument about the arms race lacks evidence from primary sources. The student finds a quiet moment to gently suggest to their peer that adding specific examples, such as speeches or documents, could strengthen the argument. The two discuss adjustments with their whole group, who quickly agree that quotes from primary sources will make a more compelling and informative presentation and enhance their own understanding of the historical context.","I can recognize and articulate when someone else’s communication is incomplete, incorrect, or unclear.","I can articulate ways to improve someone else’s communication that is incomplete, incorrect, or unclear.",I recognize situations when it is appropriate to provide critical feedback.,"I recognize situations when it is helpful to critique the way in which an idea is presented, and do so in a way that contributes to my and others’ understanding."
FL.MST.1.a,FL.MST.1,Computational Thinking,FL,Expressing equivalencies,"Students understand that the same quantity can be represented in different ways—whether through numbers, expressions, or visuals. Mobilizing different representations to find the most elegant solutions, they recognize the power of equivalence in math. They confidently use this understanding to tackle complex problems, strategically leveraging mathematical tools to transform and simplify expressions and equations, allowing them to find solutions efficiently and think creatively in diverse situations.","For a project about understanding equilibrium and teamwork, students participate in a tug-of-war game with uneven team sizes. They calculate the forces exerted by each team using different representations—formulas for force, diagrams showing vector directions, and numerical values for each team member’s strength. By finding equivalent representations, the students identify the most efficient way to balance the teams, such as adjusting positions or swapping teammates. This approach helps them strategize more effectively, demonstrating how mathematical equivalence can simplify complex problems and inform creative solutions.","I can represent the same quantity in multiple ways (e.g., equivalent numerical or algebraic expressions; different visual representations of the same amount).","I can formulate and rewrite expressions to represent the same quantity, and I can rewrite equations as equivalent equations in order to solve them.",I recognize and use equivalence between expressions and equations to solve non-routine problems.,I use mathematical tools to establish and leverage equivalence between quantities expressed in multiple ways to solve problems efficiently.
FL.MST.1.b,FL.MST.1,Computational Thinking,FL,Using computational tools,"Students select the right mathematical tools and concepts—like formulas, functions, and algorithms—to find solutions. They adapt these tools and concepts to fit different contexts, learning how to redefine problems in ways that make them more solvable. Students combine and refine mathematical and computational methods to efficiently solve problems and support claims, building confidence and their ability to clearly justify their work.","While analyzing their rural town’s population shifts over time, a student initially uses Excel to run a t-test for changes. They realize the t-test doesn’t account for confounding factors like seasonal variations in the agricultural labor force. To better model the data, they run a linear regression, which accommodates these variables. This adjustment refines their analysis, allowing them to draw broader conclusions about population-dependent factors such as public funding and representation with a more accurate approach.","I can choose appropriate tools (e.g., formulas, parent functions, mathematical representations, number properties, algorithms) and concepts (e.g., equivalence, proportionality, correlation, causation) to derive a solution.",I can use and adapt mathematical and computational tools and concepts so that they are useful for solving a problem in a given context.,"I redefine problems to be solvable with mathematical and computational tools, concepts, and processes, and I adapt combinations of tools and processes to solve problems efficiently.","I use mathematical and computational tools, concepts, and processes to support and refine claims and justify solutions."
FL.MST.1.c,FL.MST.1,Computational Thinking,FL,Stating and restating a problem,"Students break down complex problems into simpler forms, describing them in a way that makes them easier to tackle. As they experiment with these special cases, they uncover clues that can lead to solutions. They use these simpler cases not just to solve the original problem, but also to approach new, similar challenges with confidence and creativity.","Students are asked to determine the causes of declining fish populations in a local river. They brainstorm simple explanations that may contribute to the broader problem: changes in water temperature, a die-off of the fish’s primary food supply, or the role of pollutants. They explore these individual cases, analyzing each factor separately, then apply learning to the larger question using mathematical models such as multiple regression to account for multiple factors that predict the fish population.",I can describe a simpler form(s) of an original problem.,I can try special cases and simpler forms of a problem in order to gain insight into its solution.,I use special cases and simpler forms of a problem in order to determine how to solve the original problem.,I use special cases and simpler forms of problems in order to gain insight into their solutions and consider similar solutions to analogous problems.
FL.MST.1.d,FL.MST.1,Computational Thinking,FL,Analyzing patterns,"While solving problems, students notice when their calculations or strategies start repeating. Recognizing these patterns as clues, they dig deeper to understand why these repetitions occur, exploring the underlying reasons and surfacing the underlying mathematical truths. They analyze these repeating processes to identify general methods, useful shortcuts, and the right level of precision needed. When students analyze patterns, they become more efficient problem-solvers, capable of turning patterns into powerful tools they can apply to a wide range of challenges.","Students track beverage consumption in their class and notice patterns: They drink more hot drinks in cool weather, flavored coffees near holidays, and boba after school. Students then go further, investigating patterns by applying cluster analysis, grouping themselves based on favored drink type, frequency of purchase, and money spent. As they identify patterns in these clusters—such as seasonal spikes or correlations between weather and drink types consumed—they gain insights into market dynamics and the value of pattern recognition for answering questions and solving problems.",I can notice when my calculations or strategies start repeating in the process of solving problems.,"When calculations, strategies, and/or processes start repeating in the process of solving problems, I can investigate why.","When calculations, strategies, and/or processes start repeating in the process of solving problems, I analyze and describe why.","I analyze regularity and repeated reasoning in solution processes to identify both general methods, shortcuts, and an appropriate degree of precision in a solution."
FL.MST.1.e,FL.MST.1,Computational Thinking,FL,Checking results,"Students recognize when they’ve reached a solution and consistently double-check their work. They ask themselves, “Does this make sense”? As they use different paths to verify results, they realize there can be multiple ways to reach a correct answer, because each path has a set of underlying mathematical rules in common. Testing and double-checking solutions using different methods helps develop a deeper understanding of how math works.","When analyzing supply and demand data, a student finds the equilibrium price using a graph. To confirm, they use algebraic equations to solve for the same value, applying cross-validation techniques. They compare both outcomes to measure the predictive accuracy of their model. They can generalize this learning, recognizing that comparing graphs with equations provides a reliable process to validate the accuracy of their results with any similar problem or project.",I can recognize when I think I am done solving a problem.,I can check my results using a different method.,I check results using a different method and make connections among solution strategies.,"I make a habit of checking results (including asking myself “does this make sense?”) using a different method and making connections among solution strategies, even if a result initially seems to make sense."
FL.MST.1.f,FL.MST.1,Computational Thinking,FL,Using algorithms,"Students learn to recognize and understand algorithms as step-by-step instructions that solve problems. They create their own algorithms using various methods—writing, flowcharts, coding, or speaking—to explain their solutions. They are able to present these algorithms in multiple formats and adapt them for different situations. Through careful documentation of their thought process and development, students make their algorithms available to others, who can then apply them to new contexts and challenges.","A student adapts a number-sorting algorithm from math class to organize their tasks and assignments by priority. Using “importance” as the key comparison factor, they develop a system that continuously reprioritizes as new tasks come in. They document the process to teach others how to apply this method. This project creatively recontextualizes an algorithmic concept, fostering problem-solving and communication skills while encouraging others to rethink task prioritization.","I can express a set of step-by-step instructions (an algorithm) through prose, flowcharts, code, or oral language.",I can create and present an algorithm that explains how to solve a problem.,I create and present an algorithm in a variety of formats and languages that explains how to solve a problem.,I recontextualize processes for other relevant and appropriate contexts with sufficient documentation for others to adapt the algorithm for their purpose.
FL.MST.2.a,FL.MST.2,Mathematical Modeling,FL,Modeling,"Students understand and describe the key elements and results of different models, including how well these formulations represent real-world situations. They test and compare models, checking if they align with real data and noting where they succeed or fall short. As they critically evaluate and refine their models, students learn to develop, test, and improve those models, ensuring that their output and conclusions are both clear and accurate.","While using a model to predict market trends, a student compares results with historical economic data and identifies where the model falls short, such as not accounting for sudden policy changes. They refine the model by adding variables for government interventions and retest it with past data. The updated model provides more accurate predictions, and the student presents it, explaining both its strengths and limitations to ensure clarity and reliability.",I can describe and understand the outputs and key elements of a given model.,"I can test and choose given models to see if they “make sense” by comparing their outcomes with what is known about the real world and real data, and describe where the model fits well and less well.","I create mathematical models that are appropriate and clear for a given problem or situation, evaluate and describe the ways in which my models do and do not accurately represent reality, and communicate ideas about how the models might be improved.","I create, test, compare, and revise mathematical models for a given problem or situation in order to make my model as clear, complete, and accurate as possible."
FL.MST.2.b,FL.MST.2,Mathematical Modeling,FL,Understanding models,"Students identify key quantities in a situation being modeled and recognize the elements at play. They pinpoint the key variables involved and ask questions about how these elements relate to one another. By choosing and defining these quantities with the appropriate units and clarity, they can clearly represent the structure of these relationships, using precise labels and notation to demonstrate a complete understanding of the model.","A student creating a model of a food web identifies the key quantities involved, such as population size and energy flow between organisms. They explore how changes in one species’ population affect others in the ecosystem. By clearly defining these quantities and their relationships with appropriate labels and annotations, they present a complete model that illustrates the balance within the ecosystem.",I can identify some of the quantities in a situation being modeled.,"I can identify the quantities and variables in a given model, and ask questions to explore relationships between quantities.","I choose and define quantities wisely, with appropriate units of measure, and ask questions to understand and clarify qualitative and quantitative relationships.","I identify the quantities and variables of interest in a situation that I am modeling, and clearly represent the structure of their relationships with appropriate labels and annotation."
FL.MST.2.c,FL.MST.2,Mathematical Modeling,FL,Explaining models,"Students identify the assumptions and limitations behind a model, understanding what drives the model’s outcomes and explaining how these factors might affect its reliability. They not only justify these assumptions but also present strategies to minimize the effects of any deviations, making their models more robust and reliable.","A student analyzing a supply-and-demand model starts by identifying the assumption that all consumers have perfect information. They discuss how this assumption affects the model’s predictions and suggest that, in reality, imperfect information could lead to different outcomes. They propose adjusting the model to account for varying levels of consumer knowledge, which would make it more reflective of real-world scenarios.","I can share some initial, partially clear ideas about the assumptions behind a given model.",I can identify and describe the impact of at least one assumption behind a given model.,I identify the assumptions and limitations behind a given model and describe how they might impact the reliability of it.,"I clearly identify and justify the assumptions and limitations behind models, and create strategies to reduce the impact of potential deviations from my assumptions."
FL.MST.2.d,FL.MST.2,Mathematical Modeling,FL,Using models,"Students use given models to make predictions or find reasonable solutions for specific quantities. They ensure their calculations are justified and aligned with the model’s design. As they communicate the implications of a model, they make sure their conclusions fit the context and become adept at using models to explain and justify predictions or solutions in ways that resonate with specific audiences or stakeholders.","While using a population growth model to forecast urban expansion, a student starts with a simple prediction based on current growth rates. They then refine their approach by incorporating factors like economic development and migration trends. Understanding the model’s implications, they present their findings to their peers, clearly justifying their conclusions and discussing potential urban planning strategies that would interest city planners and policymakers.","I can use a given model to provide partial solutions, or reasonable predictions, for some relevant quantities.",I can use models to yield reasonable predictions or solutions and my calculations are justified by the model.,"I clearly state a model’s implications, and my predictions/ conclusions make sense in the context the model is designed for.",I use models to explain and justify a prediction or solution in a way that makes sense to an appropriate/specific audience or stakeholder.
FL.MST.3.a,FL.MST.3,Interpreting Data,FL,Data tools,"Students master a variety of data tools, learning which tools are best suited for different types of data analysis. They choose and apply advanced techniques—such as regression analysis, correlation coefficients, and function fitting—to analyze complex data sets. By cleaning, interpreting, and modeling data, they uncover patterns, identify causal relationships, and make accurate predictions. Ultimately, they use these tools with expertise to inform design work and bolster scientific claims, ensuring their conclusions are data-driven and reliable.","A student researching the effects of minimum wage increases on employment rates begins by selecting the appropriate tools to analyze a large dataset. After cleaning the data set, they use scatter plots to visualize trends and calculate correlations to suss out relationships between wage changes and employment levels. Using those correlations to hypothesize causal links, they then apply more advanced techniques like regression analysis to confirm relationships. Through this process, the student is able to make scientific, data based claims about the benefits and potential pitfalls of minimum wage increases.","I can apply simple concepts of statistics and probability (e.g., mean, median, mode) in order to interpret simple data sets (including observations) to reveal patterns.","I can use data science tools (e.g., function fits, slope, intercept, correlation coefficient) to organize, analyze, and interpret data sets in order to answer questions, reveal patterns, and identify possible correlational and causal links suggested by those patterns.",I use data science tools to analyze and interpret large and/or complex data sets in order to provide evidence for causal and correlational relationships between factors and make predictions.,"I clean and analyze data using tools, technologies, and/or models in order to make valid and reliable scientific claims or determine an optimal design solution."
FL.MST.3.b,FL.MST.3,Interpreting Data,FL,Data quality,"Students compare data collected by different groups, recognizing how the quality of the data source influences the accuracy and reliability of the analysis. They identify and describe limitations in their own data, such as measurement errors or incomplete information, while distinguishing between existential limitations and those that can be mitigated through cleaning and refinement of large data sets. Ultimately, they quantify and explain potential errors, ensuring their analyses are robust and their conclusions reliable.","A student analyzes a dataset on air quality and asthma rates. They notice inconsistencies in the data, such as variations in how asthma cases are reported by community health workers versus the state department of health. The student standardizes asthma case definitions, noting that one data source may overcount while another may undercount cases. After cleaning the dataset, they report correlational findings, including a discussion of this potential source of error to communicate how these limitations may affect the results.",I can compare and contrast data collected by different groups and discuss similarities and differences in findings.,"I can consider and describe the limitations of my data and data analysis (e.g., measurement error) when using quantitative data to support scientific claims and design solutions.","I address the limitations of my data and data analysis, including the need to clean large data sets, when using quantitative data to support claims and design solutions.",I quantify and explain possible errors and limitations of my analysis.
FL.MST.3.c,FL.MST.3,Interpreting Data,FL,Data visualization,"Students demonstrate a deep understanding of data and its nuances by choosing the most accurate and compelling visual representations. Students adapt visualizations to appeal to specific audiences, contexts, and purposes, using advanced digital tools to create tailored visualizations that highlight key patterns, correlations, and relationships. By mastering the art of communicating complex data effectively, students transform data into useful, compelling information to drive meaningful insights and support decision making.","A student collects data on plant growth under different light conditions. To communicate the findings, they create a digital bar chart that clearly shows how varying light levels affect growth rates. They refine the visualization by adding color gradients to represent light intensity and use annotations to highlight the most significant differences, making it easy for the class to understand the relationship between light and growth.",I can represent data in tables and simple graphical displays to reveal patterns.,I can create simple data visualizations to communicate patterns and possible correlational and causal links.,I use digital tools to create data visualizations to accurately represent correlational and causal links.,"I create data visualizations that are useful for communicating relationships to a specific audience, context, and/or purpose (e.g., making decisions or improving design solutions)."
FL.MST.4.a,FL.MST.4,Scientific Investigation,FL,Testing variables,"Students identify key variables in experiments—what changes, what stays constant, and what’s measured. They collaborate to plan investigations that account for social, technical, and environmental factors. Whether working independently or in groups, they ensure experiments are well-designed and data is valid and reliable. By iterating based on feedback, students continuously refine their approach, designing increasingly thorough investigations.","A group of students investigates how different crop types can maximize yield in a school garden, providing fresh food to supplement cafeteria meals. They identify crop type as the independent variable and yield as the dependent variable. Collaborating with peers, they select affordable, easy-to-grow crops while considering environmental factors like soil and seasonality. Through multiple trials and feedback from teachers and classmates, they refine their approach and generate reliable data to support sustainable food production for students in need.",I can identify independent and dependent variables and experimental controls.,"With guidance or collaborators, I can plan an appropriate investigation (experiment, field observations, or prototype testing) taking into account independent, dependent, and control variables and other factors such as social, technical, and environmental limitations/ constraints.","I conduct investigations individually and in groups to produce data that serves as evidence for explaining phenomena or testing solutions, and evaluate the investigation’s design to ensure variables are controlled.","I design and conduct investigations to generate data as evidence for explaining and predicting phenomena or testing and predicting the viability of design solutions, and once finished, seek feedback on my investigation, results, and/or claims."
FL.MST.4.b,FL.MST.4,Scientific Investigation,FL,Collecting data,"Students identify tools for data collection and accurately record observations and measurements. They explain how experiments, tests, and observations produce data that serve as evidence for understanding phenomena and they use scientific reasoning to assess the viability of different data collection methods. As they consider these different approaches, they also carefully weigh factors that impact precision and relevance of the data they generate, such as cost, time, and precision.","Students study urban traffic congestion using manual traffic counts but find them error-prone and labor-intensive. They switch to video analysis for better accuracy but face high costs and time constraints. Evaluating options, they choose a commuter app that tracks routes and travel times, providing real-time, precise data efficiently. This approach balances cost, time, and accuracy, optimizing their study of traffic patterns and congestion solutions.","I can identify tools for collecting data, and can identify how observations and measurements will be recorded.","I can explain how a given experiment, observation, and/or test would produce relevant data to serve as evidence for explaining phenomena or testing solutions.","I apply scientific reasoning to evaluate the accuracy of various methods of collecting data (including experiments, observations, and/or prototype testing) and describe why specific evidence is adequate for explanations or conclusions.","I consider different approaches for collecting reliable experimental or observational data, and decide on how best to gather data and produce reliable measurements, taking into account limitations on the precision and relevance of the resulting data (e.g., number of trials, cost, risk, time, confounding variables, etc.)."
FL.MST.4.c,FL.MST.4,Scientific Investigation,FL,Modeling systems,"Students understand systems as collections of smaller components, operating in relation to each other and to environmental conditions. Students define boundaries, inputs, and outputs and use models to explore interactions both within and between systems. By analyzing these interactions, they predict system behaviors while acknowledging the limitations and assumptions that affect prediction accuracy.","A student models an ecosystem to understand how different factors, such as predator-prey relationships, food availability, and temperature changes, affect population dynamics. They define the system’s boundaries, inputs (such as sunlight and rainfall), and outputs (e.g., species population sizes), then use a computer simulation to explore how changes in these variables impact the balance of the ecosystem. The student refines their model to better predict outcomes, acknowledging that factors like migration patterns and disease spread are approximations.","I can explain a system as composed of smaller parts and can identify some of those smaller parts (e.g., an object colliding with another object, an ecological environment, or a respiratory system).","I can investigate or analyze a system by defining its boundaries and initial conditions, as well as its inputs and outputs.","I use models (e.g., physical, mathematical, computer models) to simulate the flow of energy, changes in matter, and other interactions within and between systems at different scales.","I use models and simulations to predict the behavior of a system, and describe how these predictions have limited precision and reliability due to the assumptions and approximations inherent in the models."
FL.MST.4.d,FL.MST.4,Scientific Investigation,FL,Understanding causality,"Students learn to distinguish between correlational and causal relationships and identify which type a claim suggests. They design experiments to gather evidence that separates correlation from cause, predicting outcomes in different systems. By refining their experiments to isolate variables, they more accurately identify true cause-and-effect relationships and support specific claims about how systems work.","A student notices a correlation between listening to music while studying and an improvement in their test grades, leading them to investigate whether listening to music while studying actually causes better scores on tests. They design a more formal approach to the question by conducting a controlled experiment, randomly assigning other students to either listen to music or study in silence, thus isolating the effect of music on performance and providing clearer evidence of causality.","I can describe the difference between causal and correlational relationships, and recognize when a claim implies correlation or causation.",I can analyze how different causal and correlational relationships could or could not be used to predict phenomena in systems.,I set up experiments and investigations to gather empirical evidence to differentiate between cause and correlation and support claims and predictions about specific causes and effects in systems.,"I improve the design of experiments and investigations to gather empirical evidence of causality in a system, by making a change to a single component of a system and examining the result."
GC.IS.1.a,GC.IS.1,Healthy Relationships,GC,Personal needs and boundaries,"Students learn to balance their own boundaries and needs with those of others in their relationships. They actively manage and nurture these relationships, demonstrating comfort and skill in making difficult choices to maintain this balance.","In a group project, a student communicates their need for equal participation while acknowledging a teammate’s differing expectations given their roles in the project and their different extracurricular commitments. They engage in a conversation to establish shared goals that respect each other’s boundaries, strengths, limitations, and definitions of teamwork, while still ensuring that each derives the learning they need from the group project.",I can identify and describe how people build relationships and what boundaries look like within those relationships.,I can identify components of healthy relationships and boundaries for myself and describe how they do or do not apply in various personal contexts.,"I identify and describe components of healthy relationships and boundaries for myself, while also recognizing that someone’s personal needs and definition of ‘healthy boundaries’ might be different from my own.","I analyze the components of healthy relationships and what my own boundaries are. I also recognize that someone’s personal needs and definition of a ‘healthy relationship’ may be different from my own, and I adjust my choices accordingly."
GC.IS.1.b,GC.IS.1,Healthy Relationships,GC,Effective communication,"Learners routinely reflect on and improve their current communication and social skills with peers, teachers, and other adults to build and maintain healthy interactions.","A 9th grade student comes to value conversations with a teacher who provides academic support and guidance on navigating high school life. The student misses this guidance when they move on to 10th grade, and realizes it will take some work to sustain the connection. The student starts proactively scheduling conversations to discuss challenges and seek advice. By senior year, the student feels comfortable asking the teacher for a recommendation letter because of the strong relationship they’ve built over time.",I can describe what effective communication and social skills look like.,I can reflect on and describe my communication and social skills in daily interactions.,"I evaluate my current communication and social skills with peers, teachers, and other adults, and I use these skills to help me build and maintain healthy interactions.","I routinely reflect on and improve my current communication and social skills with peers, teachers, and other adults to build and maintain healthy interactions."
GC.IS.2.a,GC.IS.2,Negotiating Conflict,GC,Managing disagreement,"Managing disagreements begins with acknowledging and validating viewpoints different from your own. Validation creates mutual respect and openness, making resolutions easier. Acknowledging another viewpoint doesn’t mean you agree with it. It simply opens the door for dialogue.","A student managing a disagreement might say, “I understand why you feel this way, and here’s my perspective.” This simple act of validation fosters a positive and collaborative atmosphere.","When I disagree with someone, I can acknowledge and accept that there is a disagreement.","When I disagree with someone, I can acknowledge and restate the other person’s viewpoint and respectfully explain my own.","When I disagree with someone, I acknowledge and validate the other person’s viewpoint and use counter-argument respectfully to explain my own.","When I disagree with someone, I acknowledge and validate the other person’s viewpoint and ask questions in order to compare it with my own before I explain my viewpoint."
GC.IS.2.b,GC.IS.2,Negotiating Conflict,GC,Maintaining or adjusting my viewpoint,"Skillful negotiators defend their perspective with solid reasoning but stay open to new insights. They clearly articulate their thought process and show flexibility, which often leads to better outcomes.","During a class debate a student defends her argument for solar power but, after listening to a peer discuss the benefits of wind energy, she acknowledges his perspective and suggests both sources could complement each other. This balance of confidence and openness can make all the difference.","Within negotiation, I can identify when and why I choose to maintain or adjust my original viewpoint.","When presented with different perspectives, I can explain why I maintain or adjust my original viewpoint.","When presented with conflict, I justify why I maintain my original viewpoint using evidence, personal experience, and/or data, or I explain the process I went through in order to shift my position.",I describe examples of past conflicts where I maintained or adjusted my original viewpoint.
GC.IS.3.a,GC.IS.3,Building Empathy,GC,Understanding others' viewpoints,"Students ask questions, do research, and talk to people to understand and highlight the thoughts, feelings, and experiences of those from different backgrounds and perspectives.","While writing an essay on literature of diaspora, a student researches and reads first-person accounts from immigrants with different cultural backgrounds. They ask questions that help them grasp the emotions and challenges these individuals face, then use this understanding to write a more nuanced and analytic response to the texts.","I can attempt to identify the thoughts, feelings, and experiences of people with different backgrounds and perspectives with whom I interact.","I can ask questions in order to attempt to describe the thoughts, feelings, and experiences of people with different backgrounds and perspectives with whom I interact.","I use a process of inquiry (questioning, research, interviews, etc.) in order to attempt to describe the thoughts, feelings, and experiences of people with different backgrounds and perspectives with whom I interact.","I apply a process of inquiry (questioning, research, interviews, etc.) in order to capture and amplify the thoughts, feelings, and experiences of people with different backgrounds and perspectives with whom I interact."
GC.IS.3.b,GC.IS.3,Building Empathy,GC,Recognizing my impact,"Learners prepare to act by thinking about and questioning what they know and believe about others, both as individuals and in groups. Learners understand how others might feel or react to what they say and do.","Before sharing their opinion on a controversial topic during a class discussion, a student considers how their words might impact classmates with different backgrounds or experiences. They reflect on their own assumptions about their classmates and adjust their language to ensure their points are communicated thoughtfully and respectfully.",I can explore how others might have experienced/ responded to my actions and words.,I can accurately identify how others might have experienced/ responded to my actions and words.,I reflect on how others might experience/respond to my actions and words before I share them publicly.,"I interrogate my knowledge of and assumptions about others, both as individuals and in groups, to expand my understanding of how others might experience/respond to my actions and words before I share them publicly."
GC.IS.3.c,GC.IS.3,Building Empathy,GC,Showing understanding,"Students build connections with other people by showing that they have considered, and care about, other people’s emotions, perspectives, and experiences.","During a group project on siting a new electrical substation, a student identifies an optimal location based on geology and infrastructure. Recognizing that a classmate lives near the site, the student reflects on how their suggestion might impact local residents differently from those benefiting from the power grid. They carefully present their findings with empathy, acknowledging the personal impact on the classmate’s community. This approach fosters an inclusive discussion and a foundation for sustainable collaboration.",I can recognize my connections with other people when they involve respect and understanding.,I can recognize connections between other people when they show each other respect and understanding.,"I build connections with other people by considering their emotions, perspectives, and experiences.","I build connections with other people by showing them that I have considered, and care about, their emotions, perspectives, and experiences."
GC.IS.4.a,GC.IS.4,Productive Collaboration,GC,Valuing others,Successful collaborators express appreciation for their teammates’ contributions and offer helpful suggestions for improvement.,"A proficient learner knows when to say, “Wow, that was a really creative idea! Let’s build on it further by coming up with an example for what that might look like in practice.”",I can value the contributions of others.,I can express to others that I value their contributions in order to encourage them.,I articulate to others the specific ways in which I value their contributions and effectively embed constructive feedback.,I maximize productivity and quality of output by encouraging group members to contribute.
GC.IS.4.b,GC.IS.4,Productive Collaboration,GC,Navigating roles,"Productive team members understand their personal responsibilities within a project, recognize each team member’s unique skills, and appreciate how important each individual’s contribution is to the common goal.",A learner could volunteer to work on graphing data into a visual chart and then ask an artistic teammate to design a compelling data visualization.,"I can identify and describe my role on a team, and the contribution I will make, and am aware of the value of roles.",I can identify my role and describe ways I can make a contribution and support team members in reaching shared goals.,"I identify discrete needs and roles in group work, and defer to teammates' strengths and expertise to achieve them.",I seek and find effective ways to help my teammates make valuable contributions to our shared goals (including leading or delegating authority as appropriate).
GC.IS.4.c,GC.IS.4,Productive Collaboration,GC,Reflecting on our work,"Effective reflection ensures that everyone feels heard and valued, and that conflicts can be acknowledged and resolved. Team members should be able to thoughtfully share their feelings and experiences from the collaboration.","Looking back, a student recognizes their struggles while working with their team, and identifies where their actions impacted other team members.","I can articulate how I think my group is feeling about our work, and why I think they are feeling that way.",I can contribute to shared reflection and discussion of how we felt during our work together after group work is complete.,I facilitate shared reflection and discussion of how we felt during our work together after group work is complete.,"I implement and evaluate appropriate processes for providing and receiving constructive feedback, and synthesize and incorporate feedback."
GC.SA.1.a,GC.SA.1,Diverse Perspectives,GC,Collaborating across difference,Students engage and actively pursue collaboration with people who have diverse perspectives and backgrounds in order to improve outcomes.,"In a biology lab, a student intentionally builds teams with classmates from different neighborhoods to design an experiment on environmental impacts. By incorporating diverse viewpoints, they identify variables that might otherwise be overlooked, leading to a more comprehensive and accurate experiment.",I can collaborate with people who have diverse perspectives and backgrounds.,I can discuss differences with people who have diverse perspectives and backgrounds.,I collaborate with people who have diverse perspectives and backgrounds in order to improve outcomes.,I engage and actively look for ways to collaborate with people who have diverse perspectives and backgrounds in order to improve outcomes.
GC.SA.1.b,GC.SA.1,Diverse Perspectives,GC,Situating my perspective,"Learners pinpoint the facts, assumptions, and biases shaping their perspective on an issue, then analyze these elements for any signs of systemic inequity or exclusion.","During a study of immigration history, a student starts from a position that borders should be closed in order to protect a country’s limited resources. Upon examining data about the long-term implications of both closed-border and open-border policies, the student develops a more nuanced position that accounts for the potential benefits and costs of different policies.",I can identify the facts that I may hold about a given circumstance.,"I can identify the facts, assumptions, and biases that I may hold about a given circumstance.","I identify the facts, assumptions, and biases that form my perspective on a given issue/circumstance and analyze relationships among them.",I identify the facts and assumptions that form my perspective on a given issue/circumstance and analyze them for bias.
GC.SA.2.a,GC.SA.2,Navigating Power,GC,Holders of power,"Learners identify the primary holder(s) of power in social, political, cultural, and economic situations or contexts, analyze the relationships among them, and explain the rationale behind their analyses.","In analyzing the Civil Rights Movement, a student identifies segregationist government officials and civil rights leaders as key power holders. The student explains that while government officials held legislative, executive, and judicial power, civil rights leaders like Martin Luther King Jr. wielded social power to mobilize change. The student argues that as these two factions clashed, their interactions shaped the movement’s progress and challenges, illustrating their points with examples of influential speeches and civil disobedience, court rulings, and legislative changes.",I can identify the holder(s) of power in historical social and political situations/contexts.,I can identify the primary holder(s) of power in historical social and political situations/contexts.,"I identify the primary holder(s) of power in social, political, and cultural situations/contexts, and explain my rationale.","I identify the primary holder(s) of power in social, political, cultural, and economic situations/contexts, analyze the relationship between them, and explain my rationale."
GC.SA.2.b,GC.SA.2,Navigating Power,GC,Social Identities,Students analyze how narratives about social groups and hierarchies impact the power dynamics of a social situation. Students develop strategies to respond to situations in ways that increase fairness.,"When asked by her teacher why she doesn’t participate in math class, a student responds, “I’m bad at math.” Together, they explore how the student’s feelings about her math ability fit within a larger narrative that girls aren’t “math people”. They examine how that narrative plays out in the classroom and discuss ways to disrupt it. They decide to highlight and celebrate the achievements of female mathematicians to create a more equitable environment where all students feel confident and capable of participating.",I can identify something I have heard about social identities that could be impacting the power dynamics of a social situation/context.,I can identify something I have learned about social identities that impacts the power dynamics of a given social situation/context.,I analyze how narratives about social identities impact the power dynamics of a social situation/context.,"I analyze how narratives about social identities impact the power dynamics of a social situation/context, and how I might respond to that in order to increase fairness."
GC.SAg.1.a,GC.SAg.1,Community Advocacy,GC,Power dynamics,"Students analyze–and apply their analysis–of how power dynamics might impact a community in the context of a particular issue. In turn, they can successfully determine what advocacy or action will be most effective.","During a class debate on zoning policy, a student examines how corporate influence and political power impact environmental regulations. They argue that the most effective advocacy involves grassroots movements combined with legal action, ensuring that all communities have a voice in decision-making processes and that the policies implemented are fair and sustainable.","I can explain what advocacy/action I think will be most impactful for my community, and why I think that.","I can name a power dynamic that I think is affecting my community/context, and suggest action/advocacy that I think would make a difference.",I evaluate the way in which power dynamics might be impacting my community/context in order to determine what advocacy/action will be most impactful.,I apply my analysis of the power dynamics of my community/context in order to intentionally challenge unfair outcomes.
GC.SAg.1.b,GC.SAg.1,Community Advocacy,GC,Self and Community,"Learners think about how they stand up against exclusionary, prejudicial, and discriminatory practices, beliefs, and policies in their community and society, with a goal of making their efforts more impactful and meaningful.","After writing an essay on a novel that features discriminatory themes, a student reflects on how their analysis challenges—or fails to challenge—the exclusionary beliefs depicted in the story. They revise their essay to more effectively articulate methods to confront these issues in both the literature and in real-life situations.","I recognize instances in which someone in my community stood up for themselves or another when confronted with exclusion, prejudice, or discrimination.","I can stand up for myself and others when confronted with exclusion, prejudice, or discrimination.","I recognize patterns of exclusion, prejudice, and discrimination in my community, and seek opportunities to change them.","I explore more effective ways to challenge exclusionary, prejudicial, and discriminatory local/societal practices, beliefs, and policies."
GC.SAg.1.c,GC.SAg.1,Community Advocacy,GC,Case-making,"Students skillfully express their ideas across different formats—whether in conversation, writing, or public speaking—to clearly expose unjust policies, practices, and beliefs. They continuously refine their message, adapting it through ongoing dialogue to make it even more compelling and impactful.","A student develops a presentation on the effects of censorship in literature. As they receive questions and comments from peers and constituents on both sides of the issue, they adjust their language and examples to better connect with each audience, ensuring their message is understood and that they contribute meaningfully and convincingly to the debate.","I can convey ideas and language that connect to unjust policies, practices, and/or ideas.","I can convey ideas and language in a range of formats (conversational, written, public speaking, etc.) to describe unjust policies, practices, and/or ideas.","I convey ideas and language in a range of formats (conversational, written, public speaking, etc.) that clearly describe unjust policies, practices, and ideas, and seek new avenues to contribute to ongoing conversations.","I convincingly convey ideas and language in a range of formats (conversational, written, public speaking, etc.) that clearly describe unjust policies, practices, and ideas, and refine my messaging based on ongoing conversations."
GC.SAg.2.a,GC.SAg.2,Community Mobilization,GC,Effective advocacy,"Learners figure out how effective their actions and advocacy are by looking at both short- and long-term results. They keep track of any issues, successes, and areas for improvement to guide future advocacy efforts.","In a science class, a student group conducts a project on local water quality, discovering harmful contaminants in a nearby river. They present their findings and proposed solutions to the city council, advocating for stricter environmental regulations. After their testimony, they track the council members’ votes and monitor the implementation of their recommended policies. As the water quality improves over time, the students refine their advocacy strategies based on which approaches were most effective, ensuring their future efforts continue to create positive, measurable change.",I consider the likely effectiveness of proposed actions and advocacy for improvement of my school community.,"I consider the appropriateness of my own actions and advocacy, and can describe how they may have affected people with similar beliefs.",I modify my actions and advocacy to enhance my effectiveness in order to better create momentum toward goals that benefit my communities.,"I determine how my actions and advocacy are effective by evaluating evidence of short and long-term results and by documenting implications, issues, shortfalls, and/or remedies for future advocacy action."
GC.SAg.2.c,GC.SAg.2,Community Mobilization,GC,Building relationships,"Learners build trusting relationships and create strong group structures to drive action toward goals that benefit their communities, working together for a future that is fair and sustainable.","A student leads a group project on access to educational technology in local high schools. They invite representatives from all local schools to participate and establish a strong group structure by setting clear goals, fostering active listening, and determining a process for consensus-building. By building trust within the group, they ensure a collaborative effort that results in a comprehensive proposal for the school board, aimed at making resources more accessible for all students.",I can describe ways in which community members help improve their communities.,I can engage with others to help improve our communities.,I contribute to building trusting relationships and group structures to create momentum and action toward goals that benefit my communities.,I build trusting relationships and group structures to create momentum and action toward goals that benefit my communities and build toward a future that is fair and sustainable.
LL.SAw.1.a,LL.SAw.1,Wellness,LL,Thoughts and behavior,"Students recognize and understand their emotions, thoughts, values, and strengths, and can trace them back to where they come from. They are capable of exploring how emotional responses might evolve or adapt in different situations and staying open to growth and change as they navigate new experiences.","During a lesson on genetics, a student whose family carries the BRCA1 mutation feels anxious and fearful. The student is aware that cancer is influenced by environmental factors as well as genetics. After thinking a moment about how to express their confusion calmly and clearly, the student shares what they know and asks for a more nuanced explanation of pure genetics, epigenetics, and environmental influence. The teacher incorporates the new information into a conversation about genotype versus phenotype and gene therapies as an application of the pure science. The student is more comfortable and excited about pursuing scientific inquiry.","I can recognize and describe my own emotions, thoughts, values, and strengths.","I can recognize and describe my own emotions, thoughts, values, and strengths and explain how they influence my behavior.","I describe my own emotions, thoughts, values, and strengths, and explain their origins.","I describe my own emotions, thoughts, values, and strengths, and examine potential circumstances in which they may change."
LL.SAw.1.b,LL.SAw.1,Wellness,LL,Meeting my needs,"Students recognize when their personal needs are met or are not being fulfilled. They notice patterns in how different situations and conditions affect them, and recognize how they respond to these patterns.","A student notices they consistently feel stressed before tests, especially when they don’t have enough time to review. Recognizing this pattern, they start organizing study sessions well in advance, ensuring they feel prepared and more relaxed before future exams.",I can identify when personal needs are and/or are not being met.,"I can identify when personal needs are and/or are not being met, and describe the accompanying conditions if possible.","I identify when my personal needs are and are not being met, and identify and describe patterns of conditions.",I identify when and how my personal needs are and are not being met based on patterns of conditions and my responses to them.
LL.SAw.1.c,LL.SAw.1,Wellness,LL,Group identity,"Learners can describe who they are with confidence, fully aware of their membership in different social groups and how these affiliations shape their identity. They recognize how each of their social identities adds unique layers to their character, influencing their physical, intellectual, social, and emotional well-being. They also understand how these identities affect their life and have learned to respond to these impacts in ways that support their overall health and growth.","For their senior capstone project, a student discusses how their social identities—such as being a first-generation high school graduate, an athlete, and a high-achieving student—have affected their stress levels but also helped them develop coping mechanisms. This understanding ultimately led to their successful path through high school, and now informs their post-secondary choices in ways that support their physical, intellectual, and emotional well-being.",I can talk about myself and describe my various group identities.,I can describe myself including an awareness of and comfort with my membership in multiple groups in society.,I describe how my different social identities create important and unique aspects of who I am.,"I describe how my social identities create unique aspects of who I am, how these identities impact my physical, intellectual, social, and emotional health, and how I productively react to these impacts."
LL.SAw.2.a,LL.SAw.2,Managing Conflict,LL,Recognizing Conflict,"Students recognize and reflect on moments when they feel at odds with someone else’s ideas, claims, or actions. They can thoughtfully address these differences, exploring disagreement in a way that eases tension rather than escalating it.","While working on a group project on nutrition, a student feels frustrated when a teammate suggests the only way to be healthful is to buy organic products.The student recognizes their own frustration stems from their experiences in FFA, where they learned that the cost-benefit to farmers of growing organic often doesn't work out. The student addresses the teammate’s suggestion by explaining their concerns. Together the students consider how food supply chains can impact individual's choices at the grocery store. As part of their final project, they include a reflection on how they turned the disagreement into an opportunity for collaboration rather than conflict.","I can acknowledge a moment during which I felt in conflict with another’s ideas, claims, or actions when it is pointed out to me by someone else.","I can reflect on a moment during which I felt in conflict with another’s ideas, claims, or actions.","I identify moments during which I feel in conflict with another’s ideas, claims, or actions.","I identify and analyze a moment during which I feel I am in conflict with another’s ideas, claims, or actions, and call attention to it in a way that does not escalate the conflict."
LL.SAw.2.b,LL.SAw.2,Managing Conflict,LL,Reacting to conflict,"Learners recognize the physical, mental, and emotional reactions they feel during a conflict. They identify strategies to manage these responses and actively try to apply those strategies in the moment to keep the situation from escalating.","During a history discussion, a teacher references a textbook passage that downplays the negative impact of a historical event that a student’s family experienced firsthand. Feeling their heart rate and frustration rise, the student pauses to breathe, refocus, and mentally rehearse a respectful response. They then raise their hand and calmly challenge the passage, offering a more nuanced perspective. This approach not only corrects the misunderstanding but also fosters a deeper, more authentic classroom discussion.","I can identify possible or common physical, mental, and emotional reactions to conflict.","I can recognize the physical, mental, and emotional reactions I experience in a moment of conflict.","I describe the physical, mental, and emotional reactions I experience in a moment of conflict.","I describe the physical, mental, and emotional reactions I experience in a moment of conflict, identify a strategy to reduce the negative effects, and try to apply that strategy in the moment."
LL.SAw.2.c,LL.SAw.2,Managing Conflict,LL,Drivers of conflict,"Students take a deep look at the underlying forces within themselves, others, and the broader system that are fueling a conflict. By doing so, they can identify and bring attention to the root causes of the issue, rather than just the surface-level disagreements.","During a team project on financial literacy, a student argues vehemently about the necessity of payday lending for cash flow in communities with limited access to bank accounts, while another is concerned about the extremely high interest rates such lenders charge. Understanding that one argument prioritizes immediate financial benefits and the other focuses on long-term consequences, the students realize that the two concerns driven by related economic forces. By combining both perspectives, they are able to explore the deeper issues and research meaningful solutions.",I can identify the driving forces within others that are contributing to a moment of conflict.,I can identify the driving forces within myself that are contributing to a moment of conflict.,"I identify and analyze the driving forces within myself, others, and a larger system that are contributing to a moment of conflict.","I analyze and reflect on the driving forces within myself, others, and a larger system that are contributing to a moment of conflict, so that I am spotlighting what is at the root of the conflict."
LL.SAw.3.a,LL.SAw.3,Understanding Self,LL,Academic strengths,"Students recognize and reflect on their academic strengths and challenges, understanding how these have influenced their past performance. They use this insight to create thoughtful plans, leveraging their strengths and learning from setbacks, to confidently tackle new tasks and challenges.","A student struggles with complex algebraic equations but excels in geometry. After reflecting on past performance, they realize that geometry comes more easily to them because of their reliance on visual methods to understand complex concepts. To tackle algebra, they incorporate visual aids and diagrams, improving their understanding and performance in future assignments.",I can describe my academic strengths and challenge areas.,"I can describe my academic strengths and challenge areas, and how they shifted through personal struggle.","I describe my academic strengths and challenge areas, how they contributed to my previous performance in specific tasks, and apply that to a new task or challenge.","I use my knowledge of my academic strengths and challenge areas and previous successes/setbacks, to create meaningful plans to help me accomplish new tasks and face new challenges."
LL.SAw.3.b,LL.SAw.3,Understanding Self,LL,Skills and mindsets,"Students recognize their personal skills, challenges, and the mindsets that let them conquer new areas of learning. They can vividly describe how these qualities have shaped their journey so far and share their plans for continuing to grow and strengthen these traits as they pursue their postsecondary dreams.","A student recognizes that their curiosity and problem-solving mindset have driven their success in hands-on lab work, but they find theoretical concepts challenging. They reflect on how these strengths and challenges have shaped their academic path and decide to seek out more theoretical resources and study groups. They discuss their goals with their advisor, outlining how they’ll use these strategies to prepare for a future in engineering.",I can identify and describe skills and mindsets that are helpful for success in my postsecondary life.,"I can convincingly describe the skills and mindsets that make a person responsible, accountable, and prepared for what I want my postsecondary life to look like.","I explain how I have demonstrated skills and mindsets that make me personally responsible, accountable, and prepared for my postsecondary goals and interests.","I explain how I have demonstrated skills and mindsets that make me personally responsible, accountable, and prepared for my postsecondary goals and interests, and articulate how I plan to continue developing these skills and mindsets."
LL.SD.1.a,LL.SD.1,Self-Motivation,LL,Creating conditions for learning,"Students recognize and reflect on what sparks their motivation and engagement in learning. They identify the specific conditions that make them feel confident and capable so that they can actively establish these supportive structures, tailoring them to maximize success. Ultimately, they become skilled at adjusting these conditions based on their goals, ensuring they’re always set up for the best possible learning experience.","A student realizes they construct stronger analyses when they can read a text twice. They work with their teacher and their parents to structure their class time and home responsibilities to allow for extra reading time, which deepens their thinking and lets them produce higher quality assignments.",I can identify and reflect on when I feel most engaged and/or motivated in my learning.,I can identify and reflect on the conditions that make me feel capable of success.,I recreate or structure conditions for learning that will best support my success.,"I recreate or structure conditions for learning that will best support my success, and adjust the conditions I create based on what I want to learn."
LL.SD.1.b,LL.SD.1,Self-Motivation,LL,Making learning relevant,"Learners identify how their personal interests shape their learning and connect these interests to their education. They not only deliberately seek out personal relevance in their work, aligning it with their passions and goals, but also reflect on their progress toward mastery, fueling their curiosity and deepening their engagement with the subject.","In chemistry class, a student struggles to connect with the content. They are much more interested in human biology. Their teacher points out that the molecules they’re studying are the basis for many medications. Realizing the relevance to their passion, the student delves into how these chemicals impact human disease. The student connects their coursework to their goal of pursuing a medical career, reflecting on how an understanding of biochemistry will help them contribute to patient care.",I am aware of the influence that personal interests have on my learning.,I can connect my personal interests or personal context to making choices in my learning.,I intentionally find personal relevance in my work by aligning it with my interests or goals.,I intentionally find personal relevance in my work by aligning it to interests or goals and reflecting on progress towards mastery in order to build curiosity for a given topic.
LL.SD.1.c,LL.SD.1,Self-Motivation,LL,Making learning joyful,"Students learn to identify moments in which they are experiencing joy in learning, and understand what makes those moments so gratifying. Ultimately, they actively recreate the conditions that lead to joyful learning, ensuring that their educational journey is both fulfilling and engaging.","A student reflects on the excitement they felt when reading a fictional story based on real historical events from the late 20th century. Recognizing that the blend of creativity and historical research brought them joy, they decide to create a multi-media exhibition about the fall of the Berlin Wall for their final project. The process of weaving together historical facts with artistic expression and media technology makes the learning experience both engaging and fulfilling, as they explore history through a creative lens.",I can recognize when a past learning experience brings me joy.,I can recognize when a learning experience is bringing me joy.,I identify when a learning experience brings me joy and explain why it is bringing me joy.,I recreate the conditions that have led to me experiencing learning as an activity that brings me joy.
LL.SD.2.a,LL.SD.2,Wayfinding,LL,Weighing options,"Learners look at different choices and their possible outcomes to make smart decisions. They consider pros, cons, and risks. They match choices with personal goals.","A student must decide between taking a health sciences internship or signing up for an engineering class. They consider their strengths, what they enjoy, the tradeoffs of taking an off-site internship versus a school-based class, and how each experience can help them prepare for college and careers.","When faced with a decision about how best to learn or discover something new, I can identify an option to my initial thinking.","When presented with an opportunity to learn something new, I can consider multiple options and their implications.","When planning for a new learning opportunity, I examine potential external factors (i.e., timelines or potential interruptions) and contexts in order to consider options to my initial thinking.","I look at all the possible options when I set out to learn something, by considering my own past experiences and preferences, as well as external factors and contexts."
LL.SD.2.b,LL.SD.2,Wayfinding,LL,Iterative thinking,"Learners refine and improve ideas through repeated cycles of testing, feedback, and adjustment. They try different methods, learn from outcomes, and make necessary changes for better results.","A student interested in sports cars takes a summer job as a mechanic. Over the course of the summer, their boss notes the student’s growing strength in problem-solving but lack of enthusiasm for physical repairs. This feedback leads the student to a CAD automotive design course, where feedback from instructors refines their interest further toward design-focused work. With each step, the student adjusts their path, ultimately applying to colleges that emphasize creative problem-solving and design, demonstrating how reflection and feedback shaped their journey.",I can recognize when new information might impact my original thinking and/or learning plans.,"When faced with new information, I can modify my original thinking to incorporate the new information that I have learned.",I modify my thinking and plans to incorporate new information that I learn.,"I modify my original thinking and plans to incorporate new information that I learn, and I articulate how that modification impacts my thinking/plans."
LL.SD.3.a,LL.SD.3,Self-Advocacy,LL,Identifying allies,"Students can identify and cultivate key players who can help shape their success, understanding who they are and what drives them. They learn to effectively assess their situation and communicate with clarity and appropriate urgency, reaching out to others for guidance and motivating them to get involved. By engaging the right people and mobilizing their support, students turn challenges into opportunities.","A student struggles with mapping out the steps they should take to explore their postsecondary options.The student decides to do more research, seeking out published college guides, advice from relatives who went directly into the workforce, and materials from a military recruiter who visits the school. After gathering all this information, the student formulates questions regarding each option. They then bring the list of questions to their college counselor, who is well positioned to provide relevant information and targeted support because of the clarity the student has developed.",I can identify the people who will have an impact on the outcome of my work.,I can identify the people who will have an impact on the outcome of my work and articulate their goals.,"I clearly communicate to relevant stakeholders about a situation I’m in, and ask for the support I need.","I clearly communicate to relevant stakeholders about a situation I’m in, and make a compelling case to receive the support I need."
LL.SD.3.b,LL.SD.3,Self-Advocacy,LL,Visioning success,"Students identify their personal goals and define what success means to them. They recognize the value of advice and mentorship and understand that guidance from others can help them get closer to their dreams. They seek out mentors and build a strong, supportive community around themselves, intentionally connecting with those who can help them achieve their vision of success.","A student wants to pursue a career in engineering but struggles with advanced algebra. Unfortunately, no one in their social group has similar interests or goals. So, they muster the courage to approach a senior student who excels in math to ask for tutoring help. This mentor invites the student to join a mathlete study group. The student jumps at the opportunity to create a strong support system that motivates them and helps them succeed in achieving their academic targets.",I can describe a goal I have related to my own success.,"I can identify a goal I have for myself, and articulate what advice/mentorship might help me to get closer to the success I am seeking.",I seek advice and/or mentorship to support me in achieving my goals for personal growth.,"I describe my vision for success, and I intentionally build a supportive community that will help me to move toward that success."
LL.SM.1.a,LL.SM.1,Receiving Feedback,LL,Absorbing feedback,"Students who receive feedback well not only listen with an open mind, but also act on what they learn.","A student might ask, “Thank you for listening to my presentation. Could you provide any suggestions for improvement?” or “I know that conversation was challenging. Do you have any feedback on how I can enhance my participation?” As learners improve, they might seek out feedback from a broader and more diverse group of people to expand their own perspectives.",I can listen to feedback related to my performance.,"I can listen to, consider, and act on feedback related to my performance.",I ask for feedback in order to improve my performance.,I ask for feedback from people outside of my normal circle in order to improve my performance.
LL.SM.1.b,LL.SM.1,Receiving Feedback,LL,Evaluating feedback,"Evaluating feedback from multiple sources and through multiple cycles, a student can build a stronger foundation for action. As students gain more experience soliciting feedback, they may begin to recognize broader patterns of opportunity for self-improvement.","A student might reflect, “I am hearing the same feedback around my collaboration skills from both friends and coworkers. I now have a clear understanding of my strengths and areas for growth.”",I can identify specific points of feedback I choose to accept and not to accept.,I can explain why I chose to accept or not accept specific points of feedback.,"I analyze why people give me the specific points of feedback they do, and incorporate that into my decision of whether or not to choose to accept those points.","I explain and defend why I chose to accept or not accept specific points of feedback, and analyze feedback for any larger patterns that I might apply in the future."
LL.SM.2.a,LL.SM.2,Pursuing Goals,LL,Resource management,"Students recognize when they’re missing the tools or support needed to achieve a goal or complete a project. They pinpoint exactly what’s lacking, then take proactive steps to fill those gaps—whether by seeking out resources, asking for help, or finding creative solutions to ensure they succeed.","While working on an experiment to measure the effect of pH on enzyme activity, a student finds that their results don’t match the expected trend. They explore multiple possible reasons for the discrepancy: needing more trials, recalibrating equipment, and exploring more literature to understand enzyme behavior. The student asks their teacher for extra lab time, recalibrates their pH meter, and researches additional studies, ensuring they address all gaps and improve the accuracy and reliability of their findings.","I am aware when I do not have the resources I need to complete a goal, task, or project.","I can identify the resources that are needed to complete a goal, task, or project.","I identify gaps in my available resources compared to the resources I will need for a goal, task, or project, and develop strategies to fill those gaps.","I identify gaps in my available resources compared to the resources I will need for a goal, task or project, and develop strategies and self-advocate to fill those gaps."
LL.SM.2.b,LL.SM.2,Pursuing Goals,LL,Action planning,"Students not only capture their ideas, concerns and discoveries, they are also able to turn them into clear, actionable plans. They effectively and accurately articulate how these plans will help them reach their goals, ensuring that others can understand the steps they’ll take to make their vision a reality.","At the start of the semester, a student begins planning a final research project on the evolution of dystopian literature. They break down their plan into clear stages: initial research, thesis development, drafting, and revisions. They develop a timeline with checkpoints to allow for adjustments as they learn new theories and perspectives throughout the course. When presenting their plan to the teacher, the student effectively explains the logic behind each stage—such as scheduling extra time for thesis revision after class discussions—making it easy for the teacher to provide targeted feedback and support as they progress.",I can capture my ideas toward a plan for action.,I can translate my ideas and findings into individual or collaborative action plans.,"I translate my ideas, concerns, and findings into action plans that successfully meet identified goals.","I translate my ideas, concerns, and findings into action plans and effectively communicate how those plans will achieve my goal."
LL.SM.2.c,LL.SM.2,Pursuing Goals,LL,Adapting my approach,"Students can spot when a plan needs to be adjusted to help them reach their objectives. They creatively adapt their approach, thinking ahead to potential obstacles and challenges, and make thoughtful changes to ensure success in completing tasks, solving problems, and achieving their goals.","A student registers for four AP courses, planning to apply to top-tier colleges. By November, they are struggling in AP Chemistry due to the heavy workload. They consider dropping a course, but know that would harm their admission chances. Instead, they reorganize their after school schedule, allotting more time for chemistry so that they can join a study group and access online tutoring resources. By creatively revamping their original plan, the student stays on track to earn four AP credits.",I can identify adapted approaches to complete a task or achieve a goal.,I can explain adaptations to my approach to complete a task or achieve a goal.,"I create and evaluate adaptations to my approach to successfully complete a task, solve a problem, and achieve a goal.","I create and evaluate adaptations to my approach to successfully complete a task, solve a problem, and achieve a goal, as well as make plans for predicted potential obstacles and challenges."
LL.SM.2.d,LL.SM.2,Pursuing Goals,LL,Planning for postsecondary,"Students confidently draw on their strengths and address their challenges as they craft a postsecondary plan. They skillfully navigate the steps needed, anticipate potential obstacles, and create a path forward that sets them up for success beyond high school.","A student interested in a career in healthcare identifies their strong science skills but realizes they need more hands-on experience. They plan to take advanced science courses and seek volunteer opportunities at a local hospital, both to strengthen their college applications and to qualify for healthcare scholarships. By navigating these steps and anticipating challenges like college costs, they strategically position themselves for a smooth transition to a healthcare program after high school, supported by financial aid opportunities.",I understand the steps to start a plan for postsecondary goals.,I can navigate the steps toward implementing a plan for postsecondary goals by considering personal strengths and challenges.,I implement a plan for postsecondary goals by building on personal strengths and addressing challenges.,I skillfully build on personal strengths and personal challenges to create a postsecondary plan that accounts for potential obstacles.
LL.SM.3.a,LL.SM.3,Self-Regulation,LL,Self-Management,"Students learn to identify mindful strategies that can help them manage their emotions. They connect these strategies to specific emotions during moments of conflict and actively apply them to process emotions, reframe thoughts, and stay focused in difficult situations.","A student feels anxious before presenting their artwork for critique, knowing that feedback can sometimes be harsh. To manage these emotions, they listen to calming music before class and practice positive self-talk. This helps them stay composed and open to constructive criticism during the critique, allowing them to use the feedback to improve their work.","I can identify productive mindful strategies (breathing, exercise, music, etc.), and describe how they might help me.",I can make a connection between the emotions I am experiencing in a moment of conflict and at least one productive mindful strategy that might help me process and move forward.,"I apply productive self-management strategies (breathing, exercise, music, etc.) when meeting a goal or experiencing challenges.","I apply productive self-management strategies (breathing, exercise, music, etc.) to process emotions and reframe thoughts and behaviors when meeting a goal or experiencing challenges."
LL.SM.3.b,LL.SM.3,Self-Regulation,LL,Self-Monitoring,"Students self-reflect to assess whether their emotions are proportional to a situation. They identify patterns in how different situations affect them, and learn to anticipate their emotional responses based on past experiences. They proactively prepare themselves to manage their reactions in these anticipated situations, ensuring they stay composed and ready for whatever comes their way.","A student notices they often get derailed by difficult problems during tests. Reflecting on this, they recognize a pattern and realize their emotions hinder their performance by pulling their focus away from the questions to which they do know the answers. Before the next test, they mentally prepare by reminding themselves that it’s okay to skip over questions and return to them later, and that no single question is worth so much anxiety. Eventually this mindset feels natural not just before a test, but when the student approaches a challenging question in any scenario.",I can use self-reflection to determine if my emotions and feelings are proportional to a situation.,I can use self-reflection to identify trends in how different situations did and did not make me feel.,I anticipate when a situation is going to make me feel a certain way based on my past experiences.,I prepare myself to manage my reaction to anticipated situations.
OT.Creat.1.a,OT.Creat.1,Creative Process,OT,Asking questions,"Learners craft and explore their own authentic, complex questions and articulate what they don’t yet know about potential answers.","A high school student investigates their town’s early history asking, “What influenced the original settlement patterns?” Recognizing gaps in existing or acknowledged information as well as their own understanding, the student explores local archives, interviews local indigenous historians and further examines historical records.","I can identify when a question is complex, and explain why.",I can create complex questions about the world and people around me.,"I create and investigate my own authentic, complex questions about the world and people around me.","I create and investigate my own authentic, complex questions about the world and people around me and describe what I don’t know about the possible answer(s)."
OT.Creat.1.b,OT.Creat.1,Creative Process,OT,Connecting relevant ideas,"The ability to connect, modify, or combine two or more existing ideas in a relevant way is a key component of Creative Process.",A student wants to revamp a local community garden using a modest budget. They learn that some modern urban gardening practices are more expensive and less effective than agricultural techniques of early settlers. They combine practices from each to create a new lower cost method.,I can recognize when an existing idea is relevant to a question I am asking.,I can describe connections between two or more existing ideas.,I modify and/or combine two or more ideas to create a relevant new idea.,I modify and/or combine two or more existing ideas to meaningfully connect them to purposes or ideas within unexpected or different contexts.
OT.Creat.1.c,OT.Creat.1,Creative Process,OT,Innovative thinking,"Innovative thinkers try new ideas and improve existing ones, even when outcomes are uncertain. They practice self-reflection, evaluate assumptions, and take productive risks.","A group of students are struggling in a foreign language class. They form an afterschool club to practice together, but soon realize that without stronger speakers, they cannot help each other improve. They recognize that immersion opportunities in their local community are limited, so they pivot from an afterschool club to a virtual language club with native and non-native speakers from all over the world, demonstrating innovative problem-solving through reflection and adaptation.",I can contribute to a climate where risk taking is encouraged and failure/setbacks are not derided.,I can try a new idea or innovate on a former idea even when I’m unsure of the outcome.,"I try a new idea or innovate on a former idea (privately and/or publicly) even when I’m unsure of the outcome, and engage in self-reflection about how I felt.","I try new ideas and innovate on former ideas (privately and publicly) even when I’m unsure of the outcome, and engage in a self-reflection and evaluation process to reinforce my ability to take productive risks."
OT.Creat.1.d,OT.Creat.1,Creative Process,OT,Creating original works,"Creators of original works express, build upon, and/or transform a point of view, concept or idea, and describe what influenced their creation.","A student thinks they may spend too much time on social media. They combine coding skills with personal experience to develop a mobile app to monitor their social media use, warn them when they exceed preset limits, and recommend offline activities. The student writes a compelling description of their app, including the ability to connect offline with other students.",I can modify the creations of others to make something new.,I can produce original creations that are personally meaningful.,I produce original creations that express and build upon a concept and/or idea.,"I produce original creations that express, build upon, and/or transform a point of view, concept, and/or idea, and describe the influences that are present in my creations."
OT.Creat.2.a,OT.Creat.2,Sharing Ideas,OT,Seeking feedback,"Learners deliberately seek feedback on new ideas and engage as often as possible with diverse groups. They are able to explain how feedback informs their idea, and whether and why they incorporated feedback into a revised solution or concept.","A student who is analyzing “To Kill a Mockingbird” looks at reviews from different critics online, and also sets up listening sessions with peers, teachers, and a local nonprofit legal defense organization. After processing all the information, the student completes their own analysis, explaining how what they learned from various sources impacted their conclusions.",I can gain new insights on specific ideas and work by sharing them with people and describing their response.,I can gain new insights on specific ideas and work by asking helpful questions of a targeted and relevant audience.,I gain new insights on specific ideas and work by sharing them openly and asking open-ended questions with varied audiences.,"I intentionally pursue numerous opportunities to solicit feedback from varied audiences when considering a new idea, and explain my process for considering and/or incorporating that feedback."
OT.Creat.2.b,OT.Creat.2,Sharing Ideas,OT,Ideas for impact,"Based on an understanding of different perspectives and backgrounds, students anticipate how their work may impact others and consider this insight when sharing their work.","A student in their district's near-peer mentoring program designs a walking tour of a historic neighborhood for middle school students. They talk about how the neighbhorhood was founded in the Progressive Era, only to be met with blank stares. The student realizes that their middle school participants have never studied early 20th century history, and reworks the tour to include more historical background and connections to current neighborhood conditions, in order to feel more relevant to the middle schoolers' experiences.",I can describe the impact that I want my ideas and creative work to have on others.,"I can describe the impact that others’ ideas and creative work have had on me, and why.","I interrogate the impact that my ideas and creative work might have on others, and consider why it might impact some people differently.","Based on my knowledge of different backgrounds and perspectives, I analyze how my creative work may impact others and consider this insight when sharing my work."
OT.Creat.2.c,OT.Creat.2,Sharing Ideas,OT,Ideas in context,"Learners can recognize and explain the ways in which their work may challenge or refine certain accepted norms, social conventions, or the work of others. They can articulate the value of such a challenge by defining the benefits of their work to the world at large.","A student proposes a new interpretation of the Industrial Revolution, suggesting that technological innovations were driven more by collaboration among inventors than by individual genius. They justify their perspective by explaining how this view can lead to a more comprehensive understanding of historical progress; and benefit the field by highlighting the importance of teamwork, shared knowledge, and the contributions of historically marginalized individuals whose contributions too often went unheralded.","I can effectively describe the social conventions, norms, and expectations that exist around a certain idea or situation.",I can apply a synthesis of perspectives to develop ideas that challenge and/or refine cultural and social norms.,"I share ideas and creations that challenge and/or refine accepted norms, social conventions, and/or the work of others.","I justify how an idea or creation could challenge and/or refine accepted norms, social conventions, and/or the work of others, and the benefit it offers to the field or the greater good."
OT.Crit.1.a,OT.Crit.1,Interpreting Information,OT,Extracting ideas,Idea extraction identifies main points and key insights from a body of information. Successful idea extractors assess what’s really important and explain complex concepts in a simple way. They make connections and recognize themes.,"A student studying data visualization conducts a survey of classmates to determine postsecondary plans. The student graphs the data but struggles to interpret results because responses are so varied. Upon re-examining their data, the student realizes that some responses, such as ""college"" and ""university"" or ""job"" and ""work,"" could be collapsed into single categories. They recategorize their data and regraph it, discovering the common themes regarding their classmates' postsecondary goals.","I can name some ideas represented in information, research, and data.","I can identify the main ideas represented in information, research, and data.","I accurately identify the main ideas represented in information, research, and data across domains.","I accurately identify the main and supporting ideas and their relationships represented in information, research, and data."
OT.Crit.1.b,OT.Crit.1,Interpreting Information,OT,Relevance,"Evaluating relevance is about identifying and focusing on important and useful information. A student should be able to sift through content, pinpoint what matters for a given assignment, and set aside what doesn’t.","A student is working on a research project about local agriculture. While consulting Department of Agriculture and international reports, they encounter generalizations and data that do not reflect their local context. The student seeks out regional data and includes interviews with local farmers in making arguments about the agriculture sector in their region.",I can identify information that is connected to my central idea or question.,I can recognize when information is relevant to my central idea or question.,I evaluate how relevant information is (or is not) to my central idea or question.,I evaluate and justify how relevant information is to my central idea or question so that I select the most relevant pieces when necessary.
OT.Crit.1.c,OT.Crit.1,Interpreting Information,OT,Information management,"How you collect, organize, store, and retrieve data influences your ability to communicate a clear and accurate understanding. Well-organized data is easy to access, interpret and apply.","A student project on the 1853 Yellow Fever epidemic compiles data on water quality spanning over a century. The student organizes this historical information in a spreadsheet according to different dimensions of the data—location, flow rate, disease concentration—in order to more easily access, analyze, and model the course of the epidemic.",I can capture information that I find so that I might use it in the future.,"I can use a strategy to support effectively organizing, managing, and analyzing information (e.g., spreadsheets, flow charts, etc.).","I determine context-appropriate strategies to support effectively organizing, managing, and analyzing information (e.g., spreadsheets for data, or flow charts for qualitative information).",I determine context-appropriate strategies and adapt them as needed to suit both the information in this specific context and my purpose.
OT.Crit.2.a,OT.Crit.2,Logical Thinking,OT,Language and evidence,"Learners analyze and evaluate the logic and language in their own and others’ arguments. They identify and critique viewpoints and assumptions, able to understand and discuss complex ideas clearly.","Students study historical protests to assess both sides of an issue, and protest movements’ short-term and long-term effectiveness.",I can describe language choices and supporting evidence within others’ arguments.,"I can describe logical connections and potential contexts, perspectives, assumptions within arguments and supporting evidence.","I analyze, evaluate, compare, and critique logic, language, context, perspectives, and assumptions within my own and others’ arguments and supporting evidence.","I clearly describe the impact of specific logic, language, contexts, perspectives, and assumptions within my own and others’ arguments and supporting evidence."
OT.Crit.2.b,OT.Crit.2,Logical Thinking,OT,Identifying bias,"Students thoroughly evaluate the authenticity and credibility of resources and arguments, identifying potential biases that could affect information reliability.","A student working on a project about the costs-benefits of fossil fuels and renewable energy sources finds that several articles were funded by oil companies, while others were written by climate activists. Recognizing the potential biases of both groups, the student weighs the content more critically and strives to develop a balanced perspective.",I can name what I see as bias in a claim when evaluating its credibility.,I can examine the reliability and credibility of claims when evaluating them for precision/accuracy.,"I evaluate the authenticity, credibility, and potential biases of resources and arguments (whether scientific, technical, historical, etc.).","I determine the strengths and weaknesses of claims, resources, and arguments by describing their evidence, assertions, assumptions, and potential biases."
OT.Crit.2.c,OT.Crit.2,Logical Thinking,OT,Contextualizing my perspective,Learners reflect on how their own personal experiences shape their views on various topics. A student able to contextualize their own perspective will understand how their background influences their perceptions.,"A student creates a city budget for a civics project. They consider competing interests, distribute available resources, and explain why they made their decisions. In their analysis, the student recognizes their personal biases regarding certain spending policies, such as funding sidewalk repair in their own neighborhood versus road maintenance downtown, and develops a final budget that weighs competing priorities strategically.","I can tell a story of my lived experiences that is connected to an idea, challenge, or question about which I am thinking.","I can describe how my lived experiences are impacting my thinking about an idea, challenge, or question.","I identify and analyze how my lived experiences impact my thinking about an idea, challenge, or question.","I evaluate how my lived experiences impact my thinking about an idea, challenge, or question in order to interrogate my own biases."
OT.Crit.2.d,OT.Crit.2,Logical Thinking,OT,Testing my perspective,Students actively seek out and consider differing viewpoints to challenge and enhance their thinking. This process highlights the value of diverse opinions in refining their logic and reasoning.,"As part of an activity exploring ways to spend surplus school funds, students propose programs and evaluate proposals from their peers. One student proposes repainting the basketball court, replacing old equipment, and funding a freshman team. A different student proposes reinstating an expanded free lunch program. Both students make effective cases and include personal experience. Understanding how each program will impact the school community, the students come to agree that nutrition is part of a strong commitment to athletics, and together decide that the lunch program will benefit athletes and nonathletes alike.",I can identify ideas that compete with my own ideas/experience and explain how they differ.,I can identify ideas or perspectives that compete with my own ideas/experience in order to test my thinking.,I intentionally identify ideas or perspectives that compete with my own ideas/experience in order to test my thinking and explain what effect that has on my original reasoning.,"I intentionally identify multiple differing ideas or perspectives that compete with my own ideas/experience, and analyze how that range of thinking pushes and expands my original reasoning."
OT.Crit.2.e,OT.Crit.2,Logical Thinking,OT,Recognizing patterns,"Learners actively search for and analyze patterns in information, helping them understand broader concepts.","A student working on a project about urban development finds several sources of data that show cities with more parks and green areas have better air quality, regardless of population or building density. Noticing this pattern, they look at zoning policies in the cities they are studying, and determine a population-to-acreage ratio that balances air quality with development priorities.",I can describe a given pattern in qualitative and quantitative information.,I can recognize and describe patterns in sets of qualitative and quantitative information.,I look for and identify patterns in information to identify key components of the possible reasoning(s) behind an idea.,I evaluate patterns in information to describe their connections to and impacts on an idea.
OT.Crit.3.a,OT.Crit.3,Synthesis,OT,Making connections,"Learners not only link ideas from different sources but also integrate these connections into their existing knowledge base, leading to novel insights and connections.","A learner says, “This idea from source A fits with what we learned from source B, and here’s how it changes my current perspective and understanding of the topic.”","I can identify and explain my thoughts, beliefs, and ideas while using related information to support my thinking.","I can evaluate my thoughts, beliefs, and ideas by comparing them to relevant and connected information and perspectives.",I create new connections between my ideas and the ideas of others to refine and extend my understanding of a topic.,"I synthesize connections between my ideas and the ideas of others in order to extend my understanding of a topic, and propose a unique conclusion or hypothesis."
OT.Crit.3.b,OT.Crit.3,Synthesis,OT,Analyzing contradiction,"Students move beyond merely identifying differences to critically analyzing and debating these contradictions. They can articulate why contradictions exist, what they mean, and how they can present an opportunity for deeper understanding or new perspectives.","A proficient student might argue, “I noticed these two authors have opposing views on this issue. Here’s what each believes, why they might disagree, and what I think based on their arguments.”",I can identify details that make others’ ideas and/or perspectives contradictory.,I can recognize and describe details that make my and others’ ideas and/or perspectives contradictory.,"I critique details that make ideas and/or perspectives contradictory or inconsistent, and justify why I think so.","I critique details that make ideas and/or perspectives contradictory or inconsistent, and analyze the possible causes for the contradiction/ inconsistency."
OT.Crit.3.c,OT.Crit.3,Synthesis,OT,Understanding relationships,"Learners are able to identify and articulate the dynamic interplay between various ideas, concepts, or pieces of information. Success in this area means a student can outline how one idea influences or relates to another idea – including their own – and can discuss what that relationship means for understanding the broader topic.","A student might explain, “These two concepts seem unrelated at first, but here’s how one idea provides the foundation for the other, better informing my original idea and leading to a deeper understanding of the subject.”",I can identify related ideas.,I can convincingly describe the ways in which two ideas are and/or are not related.,I articulate and/or illustrate the relationships between my ideas and the ideas of others in order to propose new conclusions.,I articulate and/or illustrate the relationships between my ideas and the ideas of others in order to propose new thinking.
OT.PS.1.a,OT.PS.1,Problem Seeking,OT,Problem diagnosis,Learners understand that solving a problem requires a deep dive into the factors that drive the problem. They solicit and gather data that differentiates the symptoms—including their own experiences of the problem— and root causes.,"Students investigate the Salem Witch Trials, assessing how social, political, and religious factors fueled the hysteria. They explore scientific theories that suggest mold contamination in rye crops may have caused hallucinations in the young girls, leading to witchcraft accusations. By analyzing historical records and scientific data, students gain a nuanced understanding of the interplay between various factors in shaping historical events.",I can recognize that a situation might cause problems for myself and others.,I can name the ways in which a situation causes problems for myself and/or others.,I explain how a situation causes problems for myself and others by identifying the factors that drive the problem(s).,I solicit and gather data that differentiates the symptoms and root causes of an identified problem.
OT.PS.1.b,OT.PS.1,Problem Seeking,OT,Empathic Problem Analysis,Students prioritize the opinions of the people most affected by a problem when exploring the issues.,"In a social studies class, students study climate-induced displacement. They analyze ecological, logistical, and legal solutions for resettling displaced populations and compare these with insights from interviews with climate refugees. This approach helps students understand the differences between official policies and refugees’ needs by prioritizing the voices of those directly affected.",I can listen deeply when somebody is describing one of their problems to me in a way that helps me understand and feel empathy.,I can seek and understand the perspectives of affected people regarding the source and details of an issue.,I prioritize and accurately describe the opinions and perspectives of affected people when describing issues.,"I prioritize the opinions and perspectives of affected people when describing issues, and describe how those opinions and perspectives could/should inform potential solutions."
OT.PS.1.c,OT.PS.1,Problem Seeking,OT,Responsible engagement,"Before sharing ideas or acting on solutions, students consider ethical and practical implications. They examine the opportunities, challenges, and problems facing themselves and others. They carefully examine these implications beforehand and adjust their next steps accordingly.","As part of their service requirement, a high school student organizes a fundraising event for a local animal shelter. Initially, they consider hosting a bake sale, but realize it may exclude students with dietary restrictions and could contribute to unhealthy eating habits. After evaluating the ethical and practical implications, they decide to organize a pet photo booth instead, which is inclusive, promotes interaction with animals, and encourages donations in a fun and engaging way.",I can identify when I should not get involved in a given situation and/or when I can make a positive impact.,I can take responsibility for the ethical and practical implications of my ideas and actions.,"I consider the ethical and practical implications of my ideas and actions when looking at the opportunities, challenges, and problems facing myself and others before I share or act on them.","I consider the ethical and practical implications of my ideas and actions before I share or act on them, and adjust my next steps accordingly."
OT.PS.2.a,OT.PS.2,Problem Solving,OT,Creating solutions,Effective problem solving requires creating innovative solutions. Students learn to think outside the box and apply critical thinking to design better outcomes.,"A high school student researching fluid dynamics learns that their town's sewerage infrastructure is degraded, impeding water flow to homes. They research cutting edge systems in use in other towns, bringing their fluid dynamics knowledge to bear on how those systems may or may not fit their own town's needs. With that research in mind, the student designs a model for a new pipe and pump network and creates a presentation for their town council.",I can describe a strategy to create a solution to a given problem.,I can describe a number of potential options to create a solution to a given problem.,"I assess options and plan actions to create solutions by looking at evidence, the outcomes of past attempts to solve analogous problems, and the reasoned potential for impact.","I assess options and plan actions to create solutions by evaluating evidence that indicates the potential for impact, previous approaches and varied perspectives, and potential consequences, both intended and unintended."
OT.PS.2.b,OT.PS.2,Problem Solving,OT,Managing constraints,"By its very nature, problem solving involves pragmatic challenges. Overcoming constraints is crucial for success.","In a project developing a new packaging solution for snacks in the school cafeteria, a student faced strict environmental regulations and a limited budget. They managed these constraints by researching materials such as cornstarch and bamboo fibers available from a b-corp willing to sell to a school at a reduced price. By focusing on innovative solutions, the student ensured the project’s feasibility and sustainability.",I can identify and name criteria and/or constraints of a design problem that may limit possible solutions.,I can describe how criteria and/or constraints of a design problem may limit possible solutions.,"I clearly describe multiple criteria and constraints of design problems, including scientific knowledge and social, technical and/or environmental considerations, that may limit possible solutions.",I evaluate and describe how different solutions to design problems might be more or less ideal given existing resources and constraints.
OT.PS.2.c,OT.PS.2,Problem Solving,OT,Using design techniques,"Using design techniques in problem-solving emphasizes creativity, iteration, and responsiveness.","While working to improve their school's online student and parent portals, students interview peers and family members to ask why they do not use the portal to access information about academics, field trips, and other school events. Hearing that the portal is visually cluttered and confusing, the students brainstorm ideas, redesign the homepage, prototype their solutions, and ask for feedback. The student design group processes feedback and refines their design, undertaking multiple cycles until a majority of the school community are satisfied. This user-centered, hands-on approach ensures practical solutions and allows for continuous improvements, making the portal more accessible and effective for everyone.","I can describe the components, strengths, and primary uses of different problem-solving or design thinking frameworks.","I can identify when a problem-solving or design thinking framework would be useful in a given context or challenge, and describe how to start.","When appropriate, I initiate an explicit design process in collaboration with others and identify the most useful stage of the process to solve a problem or problems in a given situation.",I can translate the results of a design process into a plan of action.
OT.PS.2.d,OT.PS.2,Problem Solving,OT,Proposing improvements,Identifying areas for improvement and suggesting practical changes is key to problem solving.,"A student evaluates the nutritional aspects of their school’s lunch program, gathers information on how to revamp the menu within budget and regulatory constraints. They make recommendations for healthier, varied menu options. Once the changes are implemented, the student seeks feedback to understand which items are popular, which items should be removed from the menu, and how to develop new recipes that meet high standards of nutrition and tastiness.",I can describe the outcomes of strategies that have been tried to solve a given problem in the past.,I can predict the outcomes of potential new solutions to consider how approaches might be improved.,I observe the outcomes of new solutions to develop refinements and/or additional/alternate approaches that might further improve a situation.,I evaluate the positive and negative outcomes of new solutions to propose optimum strategies for how refinements and/or additional/alternate approaches might further improve a situation.
